Split,CaseId,Joint,RMSE_Nm,MAE_Nm,MaxAbsError_Nm,NRMSE_TrainStd,R2,ReferenceAbsPeak_Nm,PredictedAbsPeak_Nm,AbsPeakError_Nm,AbsPeakError_percent
test,1,1,0.00234749979764823,0.00173629496456452,0.0066911458747807,0.00344306984516685,0.999987965478217,1.19747873080042,1.19885971980996,0.00138098900953243,0.115324721350946
test,1,2,0.0020195623513856,0.00174479207326492,0.004849734274115,0.00516174427059102,0.999967845891417,0.974832711810789,0.975938117964882,0.00110540615409338,0.113394446113738
test,1,3,0.000924838537792277,0.00082473638819707,0.00203077805429863,0.0125887638370163,0.999458715515321,0.642555483872737,0.641373635886806,0.00118184798593046,0.183929328376028
validation,2,1,0.00820375393259555,0.00642891991055502,0.0185450694326439,0.0120324175579424,0.999889031286991,1.27085020405179,1.28760230580083,0.0167521017490397,1.31818067114675
validation,2,2,0.0059865541685283,0.00495568815360587,0.0120872801751082,0.0153008703389538,0.999837367516134,0.948222384692851,0.947141595397891,0.00108078929496036,0.113980571689462
validation,2,3,0.00184572994850874,0.0014410134092482,0.00548935682522012,0.0251237999706967,0.998920496802393,0.649159606692929,0.649699544735723,0.000539938042793509,0.0831749291278554
train,3,1,0.00292973479446932,0.00246347924541178,0.00587303145277385,0.00429703190401936,0.999977503678363,0.995886622579945,0.993570524439352,0.00231609814059242,0.2325664476336
train,3,2,0.000930650998676411,0.000796762963144694,0.00162969144122399,0.00237862547647611,0.999982872693672,0.941240847734306,0.9415558483589,0.000315000624593664,0.0334665272285954
train,3,3,0.000507250620215381,0.000388884641076862,0.00149270979308702,0.00690461956669213,0.99989291349123,0.613752989417842,0.614764959848521,0.00101197043067902,0.164882362795316
train,4,1,0.00227163509118787,0.00197044850523968,0.00476221778016905,0.00333179934223101,0.999984791952614,1.03144444725717,1.03396841076583,0.00252396350865491,0.244701836862534
train,4,2,0.00110779101000624,0.000861202188218842,0.00271887313842947,0.00283137279469921,0.99999131423564,0.939366789181739,0.939086568058605,0.000280221123134416,0.0298308526937077
train,4,3,0.000678632530165679,0.000549489300985519,0.00177109928706898,0.00923744448924707,0.999418157322033,0.665615701147761,0.665789418153597,0.000173717005835794,0.0260986941167769
test,5,1,0.00535345525127192,0.00437951880079101,0.0132190294399057,0.00785189432670892,0.99990889564616,0.965801782295733,0.95852237398839,0.00727940830734319,0.753716594935233
test,5,2,0.00494170425306093,0.00391364760108096,0.00994707147759955,0.0126303669692059,0.998556955469377,0.949914008567745,0.943582087484991,0.00633192108275316,0.666578345581013
test,5,3,0.00205940073108756,0.00193830729597334,0.00329178753198955,0.0280322547018071,0.998977295248972,0.623624659628451,0.623212179970888,0.00041247965756297,0.0661422942782155
train,6,1,0.00231759801979601,0.00183592648366174,0.00472686847946513,0.00339921301086893,0.999986287439894,0.980135729859533,0.977451432796175,0.00268429706335827,0.273869932661567
train,6,2,0.000745881091833311,0.000586801740614332,0.00204397555355809,0.00190637711664178,0.999992263796982,1.02045894302981,1.02090612278332,0.000447179753513938,0.0438214351070542
train,6,3,0.00063253198314921,0.000460866513691781,0.00201593292449276,0.00860993073908158,0.999647858975359,0.62255771888117,0.621269971201061,0.00128774768010909,0.206847918040975
validation,7,1,0.00317934060884196,0.00264937361975337,0.0068367287569876,0.00466312788984467,0.999963158952177,0.820629154781511,0.820783900351407,0.000154745569896031,0.0188569427486684
validation,7,2,0.00242706865312082,0.00193180489316497,0.00549373934627367,0.00620327850040491,0.999971186960791,0.990275072795457,0.992377115810047,0.00210204301459016,0.212268598123578
validation,7,3,0.000751111417762612,0.000600977487738697,0.00262028728224939,0.0102240162656628,0.99826122088673,0.631309723754433,0.631254091952736,5.5631801696876e-05,0.00881212495287268
train,8,1,0.0021672938485002,0.00133328328757411,0.00817868254342968,0.00317876240196586,0.999978497694109,0.78210557865106,0.78751175292808,0.00540617427701984,0.691233309746257
train,8,2,0.00108938896190002,0.000859487272853074,0.00344897935288169,0.00278433950240484,0.999996531811143,0.938476938222629,0.936768522265503,0.00170841595712556,0.182041336078126
train,8,3,0.00101092936878933,0.000839832763659779,0.00278494087934233,0.0137606193508896,0.998825879795123,0.724047344565748,0.7237027538751,0.000344590690647406,0.0475922870560456
validation,9,1,0.0059228858806968,0.00467277559077039,0.013837189509295,0.00868707626412649,0.999933337718096,1.24822710180868,1.25006887193706,0.00184177012838127,0.147550884427405
validation,9,2,0.00115614533141711,0.000901069903764647,0.00265328478322291,0.00295496028449848,0.999987483111027,0.806450321001032,0.804989146313146,0.0014611746878852,0.18118595155018
validation,9,3,0.00147289306116344,0.00120533578352645,0.00292641473162281,0.020048800029926,0.99876718086521,0.65292841665788,0.652218400207401,0.000710016450479412,0.108743383250762
test,10,1,0.00294467478971825,0.00249988269587795,0.0047911110632235,0.00431894434344962,0.999953395719302,0.679692125424929,0.684254400291987,0.00456227486705818,0.671226676961418
test,10,2,0.00226910956156309,0.00180179980378911,0.00628208794432644,0.00579955517130023,0.999965009366295,1.05935841335931,1.05675982188513,0.00259859147417263,0.245298611065191
test,10,3,0.00103297761342619,0.000858135390362013,0.00261813828482615,0.0140607367588609,0.993448929330141,0.629708132485812,0.629596367493356,0.000111764992455465,0.0177486976409636
train,11,1,0.0028515447515873,0.00248756353789661,0.00544198249904293,0.00418235083818537,0.999979952783595,0.998745455161322,0.995949777945545,0.00279567721577634,0.279918892379317
train,11,2,0.00132578387606661,0.00114399525362128,0.00243854485803596,0.00338853480885778,0.999984030677609,0.933167484435082,0.930825045277218,0.0023424391578637,0.25102022915873
train,11,3,0.000870740505812382,0.000702741401220049,0.00180188006827009,0.0118523895178103,0.998987912107091,0.624389501681959,0.624299675070527,8.98266114326418e-05,0.0143863103384458
train,12,1,0.0019808713501707,0.00162646008138295,0.0042085890340074,0.00290533716755178,0.999979944393562,0.693954677416426,0.694741061043908,0.000786383627481513,0.113319162342013
train,12,2,0.000599150108990095,0.000501071547107522,0.00198867880302461,0.00153135140402165,0.999995833359539,1.02121621554116,1.02076235935735,0.000453856183808554,0.0444427122191796
train,12,3,0.000749618557422875,0.000605106457123522,0.00154334934844569,0.0102036956740237,0.997153933195728,0.623851140034245,0.624177316098204,0.000326176063959016,0.0522842779354561
train,13,1,0.00198350162281383,0.00170515441023362,0.00480726283314459,0.00290919497935275,0.999984208104551,1.17228923045917,1.16971446038757,0.00257477007159146,0.219636076549382
train,13,2,0.00125850562174328,0.00100709107207652,0.00307388147359655,0.00321658015563771,0.99998621181511,0.836761824644529,0.839234530835432,0.00247270619090267,0.295508963013833
train,13,3,0.000746206105143176,0.000573834943893927,0.00238871284842612,0.0101572458840346,0.999595662612166,0.63983496742578,0.639810810356985,2.41570687951054e-05,0.00377551556650545
train,14,1,0.00208219600496656,0.0016644050106145,0.00427477283184652,0.00305394968877503,0.999988400225801,1.00768360681558,1.00791193098972,0.000228324174140981,0.0226583197937016
train,14,2,0.0017235558817419,0.00130567384532669,0.00553319423237508,0.00440518941716303,0.999954458893925,1.050307537195,1.04534004544244,0.00496749175255529,0.472955927348833
train,14,3,0.00110277614670852,0.000824034503637543,0.00292215591168465,0.0150108239532796,0.998736368070113,0.625081996736838,0.623091548300149,0.00199044843668872,0.318429973520211
validation,15,1,0.00478041366117159,0.00445988271653743,0.00825903662619587,0.0070114162057406,0.999966899393461,1.35015479072426,1.34695465153747,0.00320013918678796,0.237020170485143
validation,15,2,0.00192458698974936,0.0016592161233312,0.00501215777137942,0.00491899933704795,0.999956862586131,1.00898077623437,1.01092949109699,0.00194871486262005,0.193136966384323
validation,15,3,0.000927316181810948,0.000768077027732898,0.0022835771109696,0.0126224891567869,0.999668531299931,0.619917961552977,0.617634384442007,0.0022835771109696,0.368367631298977
train,16,1,0.0023330212592836,0.00196804309205172,0.00466006004228672,0.00342183422295497,0.999987507054559,1.18233535710065,1.18060067592257,0.00173468117807496,0.146716510477094
train,16,2,0.00110532643885399,0.000885737595744671,0.0031515437984575,0.00282507366458528,0.999993653831851,1.09482040919825,1.09364896891358,0.0011714402846692,0.106998396707553
train,16,3,0.000843798024619687,0.000688971845970237,0.00201110638904156,0.0114856524939318,0.999381691541677,0.638456568758863,0.637514366339675,0.000942202419187521,0.147575021589821
train,17,1,0.00210885931290703,0.00183230240761741,0.00396340851411059,0.00309305667043876,0.999986512636573,0.918686465772036,0.918142935140803,0.000543530631233136,0.0591638879513011
train,17,2,0.000635480978795508,0.000480235697754963,0.00158392827321252,0.00162420848215792,0.999988094376621,0.903172497023067,0.902792222365408,0.00038027465765933,0.0421043221436378
train,17,3,0.000417665955524783,0.000282529609677952,0.0014519040048242,0.00568520651119774,0.999886998471251,0.633648197904054,0.634742780798097,0.00109458289404274,0.172742998033189
train,18,1,0.00318724330817872,0.00258531636526573,0.00947293305118638,0.00467471875166671,0.999972671592218,1.36369034474349,1.36085178328999,0.00283856145349515,0.208152933284065
train,18,2,0.00128053468395755,0.000817535158093368,0.00640730201775874,0.00327288363425674,0.999993103572857,0.993857461849483,0.99404508819973,0.000187626350247383,0.0188785975302964
train,18,3,0.00119415837437088,0.000972093671402411,0.00320943551120556,0.0162547051670622,0.999401358453568,0.706190548535358,0.705405999776014,0.000784548759344195,0.111095901944787
train,19,1,0.00242391159438479,0.00202880433316163,0.00438233219569639,0.00355514276352119,0.999986720905953,1.01559389517759,1.0166407144316,0.00104681925400985,0.103074591032944
train,19,2,0.00154199517751258,0.00128175818852667,0.00327742833763889,0.0039411433706633,0.999968358488277,0.933679884703325,0.935009283936447,0.00132939923312159,0.142382764682137
train,19,3,0.00055308671691568,0.000464525823758923,0.00150181862153387,0.00752853365871096,0.999671370219744,0.63443495919911,0.633911660157771,0.000523299041339076,0.0824826932613662
train,20,1,0.0013586524880452,0.00114952671058767,0.00315730184366564,0.00199273091155782,0.999996036494184,1.40734422745224,1.4067231981325,0.000621029319744837,0.0441277483952241
train,20,2,0.0012834033623795,0.00104463007763081,0.0027436876921817,0.00328021561110731,0.999976507883267,0.986047186783601,0.983979131857218,0.00206805492638318,0.209731841853227
train,20,3,0.00110306641758006,0.000921518809888433,0.00219484688345684,0.0150147750769636,0.999737633261551,0.697021034130516,0.696071299982495,0.000949734148021575,0.13625616753536
train,21,1,0.00255363735088235,0.00210228376744709,0.00642747880696604,0.00374541108251559,0.999986291293216,1.22865137407214,1.22718615289444,0.00146522117770154,0.119254428768132
train,21,2,0.000974666483695106,0.000795620540852451,0.00205610450681076,0.00249112345281076,0.999992629796482,0.887717718223876,0.886757514341009,0.000960203882866661,0.108165452052463
train,21,3,0.000771962086532567,0.000609266266852093,0.00168326905107258,0.0105078324500698,0.999636209215963,0.632076146540483,0.631627145780083,0.000449000760399776,0.071035865355349
train,22,1,0.00197928232012339,0.00150276156972874,0.00775027153135296,0.00290300654266975,0.999992045988443,1.15434460923544,1.15621870412672,0.00187409489127544,0.162351422294657
train,22,2,0.00196609745017547,0.00159332276569485,0.00378644597171545,0.00502509478942509,0.999967983588057,0.957385375510694,0.957279899006078,0.000105476504615676,0.0110171418233135
train,22,3,0.000687955751551572,0.000542450002390025,0.0021884747814841,0.00936435078416358,0.999706944088164,0.649962156387576,0.649431365038251,0.000530791349325099,0.08166496219952
validation,23,1,0.0024255431276075,0.00184292067826543,0.00586631287920536,0.00355753572766378,0.999982656324188,1.04873013828734,1.04864892743583,8.12108515104715e-05,0.00774373201890579
validation,23,2,0.00292027625095641,0.00239555592727442,0.00607076498349868,0.00746385433288325,0.999933799320821,0.768921849287799,0.770299751543036,0.00137790225523704,0.179199258873096
validation,23,3,0.00100674348636164,0.000902850291092612,0.00246137659583168,0.0137036417454176,0.998944698020392,0.641572828496404,0.641400460903123,0.000172367593280764,0.0268664110487233
train,24,1,0.00131995056254958,0.000953969523753027,0.00458113994992848,0.00193596693110621,0.999994171518668,1.2148292051133,1.21332462600883,0.00150457910447721,0.123851081135054
train,24,2,0.00159732250683818,0.00131438209347868,0.00326289071987673,0.00408255298099675,0.999900514797461,1.06532086978811,1.06324435983359,0.00207650995451325,0.194918734195667
train,24,3,0.000563029991798544,0.00047036313794509,0.00106576134994574,0.00766388002907926,0.999921504168902,0.62077378663877,0.620925020827529,0.000151234188759064,0.0243622060103301
train,25,1,0.00234873937879547,0.0019438273772478,0.00582875680947359,0.00344488793455412,0.999991393963566,1.28563373571605,1.28417160375608,0.00146213195996836,0.11372849975456
train,25,2,0.00156394469302338,0.00129036674613379,0.00310728486369408,0.0039972435380349,0.99998180582303,0.856424583219598,0.857781854362129,0.00135727114253081,0.158481104947777
train,25,3,0.0006275708628014,0.000486685744780891,0.00177165371709598,0.00854240071100265,0.99985404611611,0.631033923192035,0.630150262581743,0.000883660610292214,0.140033772799771
validation,26,1,0.00305226253706004,0.00246418192911442,0.00888477742886595,0.00447674292087785,0.999986661459179,1.29051212693802,1.2932149266902,0.00270279975217425,0.209436214953449
validation,26,2,0.00210327171151308,0.00177598835371554,0.00599489058831412,0.00537569473849136,0.999968920250832,1.02659817761675,1.02879802309351,0.00219984547676066,0.214284958294745
validation,26,3,0.000989082813046072,0.000783733445566161,0.00214454294480043,0.0134632473019689,0.999561300266107,0.632365690065751,0.630652615781105,0.00171307428464607,0.270899308984956
train,27,1,0.00274996044553621,0.00229868504906475,0.00527663386890881,0.00403335748736288,0.99996219095387,0.961055811085349,0.962969481464579,0.00191367037923007,0.199121669850672
train,27,2,0.00154180286293337,0.00122499261541394,0.00321616556859683,0.00394065183908137,0.999979135574808,0.763639912436283,0.763509547225748,0.000130365210534888,0.0170715553773214
train,27,3,0.00086949837743832,0.000708437344657146,0.00197015129669298,0.0118354818521829,0.99916621742318,0.671105361317291,0.672750025646879,0.00164466432958732,0.245067976563182
validation,28,1,0.00753973873464696,0.00652497245816067,0.0137859868049801,0.0110585087605573,0.999875939910714,1.0962709333294,1.0973866816284,0.00111574829900474,0.101776692702796
validation,28,2,0.00592523713100607,0.00543960624571456,0.0115780132767787,0.0151441517969871,0.999730242753002,1.09240244329367,1.09896750829691,0.00656506500324028,0.600974946874539
validation,28,3,0.00169550755253124,0.00136498937091476,0.0032007221365361,0.0230789951872522,0.997191190817155,0.592517488027618,0.595700633859245,0.00318314583162682,0.537223946287717
train,29,1,0.00132913519099289,0.00108253262313627,0.00278313928672203,0.00194943799392116,0.999996673145607,1.12771842121866,1.1283620479088,0.000643626690136845,0.0570733507608498
train,29,2,0.00134694855578839,0.00109845213047216,0.0027981936727246,0.00344262903586585,0.999985394435962,1.16281750729017,1.16419006110878,0.00137255381861667,0.118036906910292
train,29,3,0.00067556160905269,0.000563452897840382,0.00133246098951068,0.00919564357041229,0.999599930505113,0.631054086494207,0.630424691242152,0.000629395252055964,0.0997371327634595
train,30,1,0.00293802698860572,0.00222943817072208,0.00763913623486959,0.00430919403651876,0.99998824948267,1.38987582408854,1.39089782470743,0.00102200061889612,0.0735317933576072
train,30,2,0.00222018638590558,0.00173543833958772,0.00488282655462818,0.00567451376246428,0.999931536746829,1.10191442291419,1.10328064987404,0.00136622695985067,0.123986666427095
train,30,3,0.000799823050827071,0.000702110880340188,0.00171106976703095,0.0108870717285414,0.999790880170201,0.610946254773068,0.610542049009701,0.000404205763366638,0.0661606090893836
train,31,1,0.00211657318026736,0.00142418752808238,0.00509912677727176,0.00310437057305318,0.999987727783038,1.10281986482434,1.10697756944647,0.00415770462213372,0.377006685746994
train,31,2,0.00126832823336162,0.000993013446690911,0.00289809913880279,0.00324168550047068,0.999986368561746,0.949306459708298,0.950322184664427,0.001015724956129,0.106996528438363
train,31,3,0.000971989994649607,0.000801789624524529,0.00235204155407687,0.0132305824147382,0.999285029554107,0.628746646390845,0.627855553739735,0.000891092651110204,0.141725233243833
validation,32,1,0.00339332361057217,0.00279471685241645,0.00780469488063684,0.00497697601940518,0.999978780728652,1.12378027320149,1.12397883760443,0.000198564402943635,0.0176693262623265
validation,32,2,0.00237781838150203,0.00195738813363867,0.00478909147694984,0.00607740107593274,0.999968115247123,1.01902668590992,1.01505594594804,0.0039707399618798,0.389660056677927
validation,32,3,0.00169935862560584,0.0013565027137257,0.00374225067821743,0.0231314154178915,0.997577392005668,0.628654189074983,0.628383083597148,0.000271105477835043,0.0431247389338094
train,33,1,0.00126282863930881,0.00110378625999529,0.0022318124089378,0.00185218640358272,0.999993096299821,1.07449732289012,1.07307559349224,0.00142172939787644,0.132315769205674
train,33,2,0.000956477097859636,0.000697164604571158,0.00353903910971431,0.00244463369820755,0.999986664145416,1.011594053955,1.01212826262397,0.00053420866896503,0.0528086011257626
train,33,3,0.000683491770051008,0.00055347548836115,0.00167179480943136,0.00930358773571022,0.999624996647092,0.582254091195123,0.582099695347923,0.000154395847199562,0.0265169192512933
train,34,1,0.00204512385307307,0.00151252877889814,0.00572509091438327,0.00299957609163657,0.999990574444074,1.16720233031773,1.16477911946487,0.00242321085286257,0.20760846598061
train,34,2,0.00119772705423497,0.00101893515813004,0.00312145701592276,0.00306123787447689,0.999992934244196,1.0307376430823,1.03062448782951,0.000113155252792652,0.0109780848261517
train,34,3,0.00054644994977271,0.000409923009101729,0.00139326332053613,0.00743819497710329,0.999756438588877,0.624148512357923,0.624285771774862,0.000137259416938429,0.0219914674505731
train,35,1,0.00218932625014419,0.00173939759838672,0.00559704706830955,0.00321107724935926,0.999993980459319,1.43386520722129,1.43247545291899,0.00138975430229715,0.0969236365662558
train,35,2,0.00124304820010128,0.00104693476349385,0.00307592449190286,0.00317707295372143,0.999964295737289,0.722383110710687,0.721676226306751,0.000706884403936847,0.0978545031654197
train,35,3,0.000646490835594523,0.000444071108285498,0.00237105002658433,0.00879993655057088,0.99989480568105,0.709649850905039,0.709889595329889,0.000239744424849864,0.0337834813245025
train,36,1,0.00313426090421766,0.00250484017127762,0.00684289619918702,0.00459700964277328,0.999957859445058,0.975920985116541,0.974161990301683,0.00175899481485819,0.18023947037558
train,36,2,0.00113354573205822,0.000922946570719492,0.00293210003621601,0.00289719858556983,0.999991282074722,1.01982784184568,1.02007000238922,0.000242160543547421,0.0237452375402068
train,36,3,0.000565621695737469,0.000443541677099322,0.00113464444942657,0.00769915791542306,0.999623001928446,0.642447287682296,0.642103986644695,0.00034330103760094,0.0534364521701756
validation,37,1,0.00291860096339395,0.00228037882796168,0.00577338029952829,0.00428070195243631,0.999970153802738,0.883286998323505,0.881351283109495,0.00193571521400959,0.219149066802027
validation,37,2,0.00156820608186116,0.00132842819175489,0.00313732841536829,0.00400813510540994,0.999980073008111,0.97009371596514,0.972666270098479,0.00257255413333923,0.265186145524076
validation,37,3,0.000586323595435872,0.000497371481342425,0.0011083561153572,0.00798094907748137,0.999179805171442,0.617413641056659,0.617835274316333,0.000421633259674259,0.0682902403893546
train,38,1,0.00128672852657797,0.000997283450440455,0.00325771102495198,0.00188724028569243,0.999993316157899,0.787159160915808,0.786346103094257,0.000813057821551499,0.103290142822648
train,38,2,0.000920359606202717,0.000745832430757509,0.00242850330415928,0.00235232198745481,0.999986121170533,1.01794818076294,1.01819928535537,0.000251104592426499,0.024667718570733
train,38,3,0.000513136485525627,0.00039219346185988,0.00113779305895501,0.00698473708487433,0.999615907989269,0.619631595492756,0.620223932866462,0.000592337373706564,0.0955950887616558
train,39,1,0.00234136006116197,0.00204559428854397,0.00428015922642206,0.00343406471486853,0.999979143576539,0.937719264744115,0.939573409196118,0.00185414445200316,0.197729162843756
train,39,2,0.00170045864650441,0.00137809332751632,0.0049360788153554,0.00434615582427998,0.99998644307706,1.0061637470602,1.00860646518544,0.00244271812524643,0.242775406327604
train,39,3,0.000727298300712604,0.000571045969567267,0.00227559100396857,0.00989987567839726,0.998748059524094,0.646830502728687,0.646472434722452,0.000358068006235057,0.0553573161322061
train,40,1,0.00302842463699912,0.00224958095928563,0.00745115388500206,0.00444177995519237,0.999985999488358,1.55673152871647,1.55617601936089,0.00055550935558335,0.0356843389714968
train,40,2,0.00192465647111553,0.00165630026761566,0.00352256471774398,0.00491917692257459,0.999940884874716,1.09598862472048,1.09692085755818,0.000932232837703717,0.0850586234817425
train,40,3,0.000650197209396889,0.000513429258152922,0.0018113406705178,0.00885038715636103,0.999949433384731,0.622861200309629,0.623228497780405,0.000367297470775574,0.0589693932762207
test,41,1,0.00266915712641325,0.00200221581865039,0.00606375503896717,0.0039148435382923,0.999981397854508,1.01860866682783,1.01646495415246,0.0021437126753614,0.210454980914054
test,41,2,0.00197687712000953,0.0014576697277244,0.00528011945678775,0.00505264625321953,0.999937062923249,0.999244811864942,1.00298836915853,0.00374355729358367,0.374638652023309
test,41,3,0.000537221818729616,0.000463638464828844,0.00107660255334174,0.00731258303770913,0.999668638853466,0.613055610611588,0.613769257894644,0.000713647283056118,0.116408245957358
train,42,1,0.00177595045591527,0.00151806642327411,0.00362384248146685,0.00260478039972486,0.999993587010105,1.07401552064596,1.07268102654472,0.00133449410124165,0.124252776201877
train,42,2,0.00202457684556483,0.00162647888248785,0.00457492644464408,0.00517456067934503,0.99997388673523,1.03129940906836,1.03296685992972,0.00166745086135855,0.161684458140519
train,42,3,0.000607987314072409,0.000469461014948389,0.00233316440038378,0.00827583237505454,0.99965223892109,0.626706665658205,0.625689182640011,0.00101748301819393,0.162353948657194
train,43,1,0.00174621923185358,0.001404658024841,0.00398250167281944,0.00256117371608244,0.999994201628961,1.40572474780988,1.40409607807822,0.00162866973166764,0.115859789351017
train,43,2,0.00166551453090313,0.00140340754208783,0.00469770834249944,0.00425684311334932,0.999979610434476,1.04705121167861,1.0462094029332,0.000841808745416062,0.0803980489231744
train,43,3,0.00104904909777727,0.000833374832304041,0.00283960480430467,0.0142794993998393,0.999718665079835,0.683024441288197,0.682268673179878,0.00075576810831901,0.110650228986479
test,44,1,0.00247275065448766,0.00205569035773507,0.00669595775249476,0.00362677484428855,0.999987537094638,1.10151193264345,1.10457495609509,0.00306302345164,0.278074468452578
test,44,2,0.0022308634152138,0.00188040179337471,0.00482356017530861,0.00570180289014128,0.999815159684997,1.01582230135122,1.01563846176318,0.000183839588034029,0.0180976129180754
test,44,3,0.00114050713356142,0.000961775110564421,0.00231741405574892,0.0155244125024361,0.999785426552985,0.622060336076894,0.622658300928224,0.000597964851330235,0.0961265035963199
train,45,1,0.00237824811010294,0.00191941530216876,0.00486875796655695,0.0034881682888424,0.999985305144165,0.967705168659559,0.968286447996584,0.000581279337024898,0.060067813612081
train,45,2,0.000794972321303647,0.000626143736783579,0.00235592411172608,0.00203184804962928,0.999995225796579,0.874283394484327,0.873228647615108,0.0010547468692198,0.120641301879228
train,45,3,0.00053315885984411,0.000491345538237537,0.00109033448097151,0.00725727864910609,0.999609485254739,0.6333143794932,0.634309409859364,0.000995030366163885,0.157114759806992
train,46,1,0.00209844075312365,0.00167619562720885,0.00568879548011161,0.0030777758047892,0.999982810729965,1.06458038177064,1.06484215305219,0.00026177128154381,0.0245891513713999
train,46,2,0.00113451885023746,0.000729261826715166,0.00399247702717753,0.00289968575175354,0.999981596816196,0.895358299663726,0.891931227792546,0.00342707187118008,0.382759826146381
train,46,3,0.000818879820189996,0.0006896518281168,0.00195316675636692,0.0111464696225555,0.999591499936512,0.635371470682011,0.635121762068056,0.000249708613955346,0.0393012002391778
train,47,1,0.00186243447615525,0.00157379348753616,0.00381554056438604,0.00273162621350317,0.999993656396543,1.17945900119105,1.17777890461619,0.00168009657485491,0.14244637356265
train,47,2,0.00115574187563226,0.000839933993637233,0.00275731511360111,0.00295392910287418,0.999963462213403,0.905681915576306,0.90387426275637,0.001807652819936,0.199590252256031
train,47,3,0.000466677978997304,0.000352593537622691,0.00146476711035448,0.00635235084337786,0.999921813332256,0.626708410139444,0.627889870046596,0.00118145990715224,0.188518278682324
train,48,1,0.00211572476195684,0.00183725456465758,0.00420416549891317,0.00310312620084749,0.999986639128138,0.922144088936601,0.920726255061629,0.00141783387497252,0.153754049067054
train,48,2,0.00166187049777312,0.00131165349000798,0.00400839183838769,0.00424752942857113,0.999963207422103,1.0277281034948,1.02589558068836,0.00183252280644064,0.178308134243788
train,48,3,0.000730593932594494,0.000581048576756043,0.00169856961982517,0.00994473532660558,0.999351912513789,0.626714631218255,0.626481744293129,0.000232886925126574,0.0371599630080234
train,49,1,0.00184923453533006,0.00155695570541623,0.00398693892074387,0.00271226590588621,0.999992032208857,1.03588223345064,1.03559272662152,0.000289506829121766,0.0279478515774315
train,49,2,0.00136433070803828,0.00113926889409488,0.00255805485420452,0.00348705560418885,0.999955948534776,0.992135999558853,0.992335557779527,0.00019955822067419,0.0201139985609757
train,49,3,0.000840092911709835,0.000725152579203135,0.00179968274483433,0.011435219051222,0.999526411672248,0.601609972939022,0.601849799697002,0.000239826757979955,0.0398641593004748
train,50,1,0.00143444794510965,0.00116931395130519,0.00439691201534787,0.00210389984664385,0.999993053659474,0.884130284858406,0.885363949318821,0.00123366446041528,0.139534238510205
train,50,2,0.00117215942031604,0.0010342232762801,0.00265554462630013,0.00299589025705717,0.999992919768311,1.02160054976605,1.02024191132151,0.00135863844453721,0.13299116223541
train,50,3,0.00057713319834634,0.000441265448992681,0.00164392157690851,0.00785585076701876,0.999289668371649,0.6278726383164,0.629516559893309,0.00164392157690851,0.261824051023561
validation,51,1,0.00820470920997585,0.00729869933941732,0.0168453403862437,0.0120338186599766,0.999824471855232,1.05641371624174,1.05438806344849,0.00202565279325384,0.191748058749202
validation,51,2,0.0050546344183749,0.00422605034654375,0.0139647349093603,0.0129190020952204,0.999885962781489,0.755332772120175,0.753781461652487,0.00155131046768842,0.205381061824443
validation,51,3,0.00393725779590482,0.00333595551826247,0.00717145341160663,0.0535933641740498,0.980579991487663,0.699746309951989,0.696181897529127,0.00356441242286132,0.509386383631788
train,52,1,0.00192721046935767,0.00166716150130599,0.0048493161804381,0.00282663293900295,0.999984980140269,0.811441603083108,0.812218327155047,0.000776724071939072,0.0957214997342847
train,52,2,0.0017679013866188,0.00151417882406476,0.00305397709564587,0.00451853088224221,0.999916901776902,1.02975047170944,1.02914929212506,0.000601179584378109,0.0583810933711077
train,52,3,0.000438803968513537,0.000354745992272463,0.000921376350382919,0.00597293398212951,0.999807410801665,0.621934886683358,0.621201135392682,0.000733751290675655,0.117978795913603
validation,53,1,0.0043163707536202,0.00346120681349994,0.00896661170311097,0.00633080607599559,0.999972409335623,1.25570246641887,1.25859752997213,0.00289506355326274,0.230553306271601
validation,53,2,0.00286617767900382,0.0024573057358111,0.00570686139693988,0.00732558526996877,0.999942945579439,0.873083321782431,0.867835831940294,0.00524748984213708,0.601029673940413
validation,53,3,0.000881205419970417,0.000689941351974958,0.00213061451159408,0.0119948363639643,0.999713638182604,0.638449271938275,0.639153175684966,0.000703903746690493,0.110252102653904
train,54,1,0.0016576117064969,0.00126320454128704,0.00443009258517355,0.00243121336468386,0.999992240137932,1.31618674226777,1.31694027130264,0.000753529034864586,0.0572509212155006
train,54,2,0.0014857275947096,0.00120413562695641,0.00430740336960372,0.00379733059214026,0.999992678977026,0.967269361355521,0.966765978349215,0.000503383006306368,0.0520416573105275
train,54,3,0.00088011270882546,0.000723143684741794,0.00204658296506655,0.0119799625433093,0.999741136845477,0.70591041074248,0.705165635425288,0.000744775317192303,0.105505642905726
test,55,1,0.00909458061101415,0.00691429288095166,0.0238005625602771,0.0133389899703473,0.999867880140204,1.346089835232,1.34467191354418,0.00141792168782318,0.105336334226073
test,55,2,0.00465458135902656,0.00397569306981416,0.0111290757600508,0.0118965174041155,0.999204564700478,0.871940210182177,0.868871128802175,0.00306908138000261,0.351983008027739
test,55,3,0.00136228562644172,0.00117673220551936,0.00290367697961541,0.0185432281734009,0.999684732846857,0.658274944487581,0.656058790913822,0.00221615357375893,0.336660781686601
train,56,1,0.00250359862815758,0.00175036548034277,0.00816267061071188,0.00367201946072422,0.999989069881683,1.28221464715944,1.28059209281121,0.00162255434822822,0.126543114432732
train,56,2,0.00167439565291037,0.00137817734248153,0.00354951832560901,0.00427954213059224,0.999965757845279,0.997738414225663,0.998391853727604,0.00065343950194019,0.0654920661190858
train,56,3,0.000819436427866511,0.000652331063220667,0.00208441270873894,0.0111540460829896,0.999777671341815,0.655463058990948,0.654750397992902,0.000712660998045789,0.108726340603068
test,57,1,0.00300646972419523,0.00246713400328827,0.00657712894053331,0.00440957876041311,0.999970949391855,0.896073583177334,0.893930132986359,0.00214345019097506,0.239204707204371
test,57,2,0.00194560631525001,0.00153311629971733,0.00610831297571873,0.00497272205717108,0.999941299210433,1.01302050164222,1.01240274107969,0.000617760562526604,0.0609820395071123
test,57,3,0.0011067586091286,0.000890846838407473,0.00278575420220017,0.0150650326360362,0.999103628394734,0.622344130581774,0.62237310574455,2.89751627758905e-05,0.00465581040328993
train,58,1,0.0019364382808036,0.00158837035703061,0.00562041549211711,0.00284016733817871,0.999990669287918,0.971661580069483,0.975373055967979,0.00371147589849607,0.381972074910142
train,58,2,0.000893791302372673,0.000745669546496232,0.00239543292395505,0.00228441678513216,0.999990595283205,1.02116602664552,1.02110313394164,6.28927038761606e-05,0.00615891071922556
train,58,3,0.000502380221546421,0.000415750395692572,0.000994213383449849,0.00683832442853534,0.999758847253148,0.628265652482245,0.62884331839572,0.000577665913475855,0.0919461236172195
validation,59,1,0.0072469281120796,0.0055050624594414,0.0151248714014905,0.0106290444317781,0.999907771516343,1.61277437926485,1.60983634893239,0.00293803033245332,0.182172433430681
validation,59,2,0.00271633840569536,0.00225384398959736,0.0066214459767121,0.00694261516261912,0.999926733348398,0.83760493985373,0.841016386807688,0.00341144695395734,0.407285916264185
validation,59,3,0.00323445891539842,0.00265468701756974,0.00661555693842231,0.0440269709388214,0.998041123454315,0.71638622412771,0.722846619925657,0.00646039579794655,0.901803465834772
train,60,1,0.00220490536862222,0.00170987669154446,0.00538229235804188,0.00323392708862216,0.999988556663415,1.047265528489,1.04834145703891,0.00107592854990357,0.102736939260851
train,60,2,0.00115874015262963,0.00095822067412416,0.00279018740838172,0.00296159231718505,0.999982607396136,1.02000034769632,1.0213079949321,0.00130764723578314,0.128200665689622
train,60,3,0.000539476910666034,0.000394505936052908,0.0014248154376244,0.00734327901182598,0.999865552384017,0.62248776641722,0.622015403456035,0.000472362961184247,0.0758830914706922
train,61,1,0.00208329771398573,0.00161348885291326,0.00431050695144308,0.00305556556158825,0.999992545161307,1.18885131660529,1.19181143412304,0.00296011751774317,0.248989716072792
train,61,2,0.00164707303415097,0.00141976187015922,0.00358463164877296,0.00420970899533792,0.999961839947899,0.962849522359983,0.962274657882858,0.00057486447712507,0.059704498343215
train,61,3,0.000948576223069051,0.000813173228788885,0.00238798495607961,0.0129118776582678,0.999603351922962,0.627576734544922,0.626546282875431,0.00103045166949034,0.164195326685837
test,62,1,0.00640889152375913,0.00466023758809578,0.0181535319371795,0.00939989906218817,0.999943309040408,1.35614083922884,1.35073418835567,0.00540665087316894,0.398679157560317
test,62,2,0.00817894841866706,0.00587923539586526,0.0269731405697162,0.0209043509404645,0.998637230400765,1.06223147901779,1.06285533304252,0.000623854024732973,0.0587305156226239
test,62,3,0.00150395629533273,0.00124090303658439,0.00335893317564229,0.0204716281269306,0.999631550007495,0.610524350472965,0.609219775999441,0.00130457447352417,0.213680989548334
validation,63,1,0.00414481034493947,0.00324019098835366,0.00971131505788581,0.0060791790171371,0.999970693644579,1.34927836343422,1.34549236550632,0.00378599792790091,0.28059428139533
validation,63,2,0.00372002929309617,0.00276002280663532,0.0116539745170254,0.00950792129636192,0.99952750510632,1.06004958043884,1.05732628110018,0.00272329933865589,0.256903015567301
validation,63,3,0.00523574233686101,0.00485101658509812,0.0088292591781024,0.0712681415153303,0.994138625362019,0.618881462997815,0.617136599813493,0.00174486318432188,0.281938188271126
train,64,1,0.00159067364214908,0.00111728897281856,0.00578060722083129,0.00233303553690271,0.999994287783212,1.23985844847044,1.2402550962093,0.000396647738854838,0.0319913728332589
train,64,2,0.00137343813712747,0.00100032003088822,0.00327573701058276,0.00351033303352333,0.9999767821125,1.14204782682531,1.1420068373297,4.09894956154844e-05,0.00358912250894323
train,64,3,0.000788311983320265,0.000658257973221372,0.00151454377127069,0.01073038479949,0.999702365668705,0.633833380469918,0.633993027159412,0.000159646689493531,0.0251874852938749
train,65,1,0.00193931343635693,0.00142826294660721,0.00509403539118325,0.00284438431889826,0.999990944503477,1.23325501725245,1.23251186980248,0.00074314744997106,0.0602590250657733
train,65,2,0.000995794679756557,0.000825471633378575,0.00225483904624302,0.00254512443222756,0.999992572012042,1.02098021389919,1.02141543865178,0.000435224752597163,0.0426281280158224
train,65,3,0.000842215255517732,0.00064790042097156,0.00212475721274574,0.0114641080776701,0.999582967499984,0.673337699733405,0.674163263289777,0.000825563556372422,0.122607653885901
test,66,1,0.00204698858694341,0.00175220801059331,0.00530698663189089,0.00300231109036359,0.999983078428302,0.865976407148171,0.867788572452533,0.00181216530436268,0.209262664595043
test,66,2,0.0028473968747212,0.00196361378622335,0.011707568654362,0.00727758392510491,0.999951173827621,0.920475057919048,0.922501688424571,0.00202663050552343,0.220172234770284
test,66,3,0.00134954305369819,0.000987769895616433,0.00365568447040776,0.0183697781792784,0.995248834992287,0.662450312922997,0.663031142099547,0.000580829176550002,0.0876789043976974
test,67,1,0.00339279760099496,0.00265156416950373,0.00761122645077661,0.00497620452297508,0.999947231764967,0.830044299187463,0.822603979723948,0.00744031946351564,0.896376189897217
test,67,2,0.00206950552999788,0.00169228700818621,0.00375161370947034,0.00528939267712831,0.999952240503109,0.872962228475179,0.872930923955622,3.13045195570183e-05,0.00358601077296306
test,67,3,0.000755293013360351,0.0006356300539437,0.0014890452144618,0.0102809355194468,0.998463935891405,0.621796912017578,0.620779205392661,0.00101770662491651,0.163671868619339
train,68,1,0.00256368801639574,0.00214099640719469,0.00577356241235813,0.00376015235891003,0.999992831514086,1.66082493343468,1.66114119999095,0.000316266556268596,0.0190427389366403
train,68,2,0.00155781870578783,0.00129331017584775,0.0039968936832967,0.0039815862945271,0.999983703152247,1.19966387708465,1.19582973868374,0.00383413840090685,0.319601054440711
train,68,3,0.000869968679468688,0.000675604032388157,0.00222843508473597,0.0118418835330715,0.999850808140427,0.642139022779217,0.642448706371001,0.000309683591783627,0.0482268762367528
train,69,1,0.00235422672223682,0.00208993376881349,0.00369821193151709,0.00345293620222678,0.999977409250113,0.839438398465107,0.835807512089469,0.00363088637563769,0.432537561097595
train,69,2,0.000877606706827502,0.000657665652209424,0.00267468533811899,0.00224305101929195,0.999988541574113,1.22089534886693,1.22055363276475,0.000341716102176814,0.0279889756721531
train,69,3,0.000865129106528734,0.000725638106696721,0.00167834450468973,0.0117760079901269,0.996719764703,0.582800254883781,0.581660360294305,0.00113989458947594,0.195589240039583
train,70,1,0.00173189339093873,0.0014933554461223,0.00371746061180234,0.00254016205469274,0.999992533744331,0.9936522486744,0.995094362525514,0.0014421138511137,0.145132651089713
train,70,2,0.00147486194477176,0.00120316118647774,0.00329050734641716,0.00376955937414623,0.999985353869624,1.01559159035978,1.01682360700533,0.00123201664554884,0.121310244909805
train,70,3,0.000658555708104887,0.00050558636953292,0.00189066755608369,0.0089641617904914,0.999458845510303,0.622771502711276,0.624485222887758,0.00171372017648175,0.275176396000934
train,71,1,0.00309040938921914,0.00245179190358186,0.00795963517081921,0.00453269277718396,0.999988078364987,1.39552193263405,1.39512176032793,0.000400172306120217,0.0286754580320276
train,71,2,0.00129172711726659,0.00114637870003747,0.00264890894290337,0.00330149006894653,0.999980748926643,1.02173560624309,1.02087117342299,0.000864432820102845,0.0846043550622015
train,71,3,0.00113682072536992,0.000971025292173546,0.0020883862711934,0.0154742336655546,0.99952410991135,0.588775545301462,0.58881686451809,4.13192166277554e-05,0.00701782146991165
train,72,1,0.00234126118432979,0.00187569499705675,0.00567540204897465,0.00343391969256028,0.999991570764413,1.60355445683206,1.60359038029532,3.59234632656413e-05,0.00224023968207546
train,72,2,0.00147043560067508,0.00121335105260466,0.00326961311116636,0.003758246202129,0.999976357391487,1.06322966243351,1.06381806006981,0.000588397636297699,0.0553405964004972
train,72,3,0.000761136895886603,0.000608765920847632,0.00184803058198857,0.0103604815742532,0.999913775308537,0.713291833848941,0.712410847811919,0.000880986037022358,0.123509900887065
train,73,1,0.0020248410827025,0.00171561634693033,0.00536474465478542,0.00296982742238884,0.999989833175711,1.08649036832925,1.08837067289337,0.00188030456411958,0.17306223956785
train,73,2,0.00174465520278401,0.00145370026297065,0.00345270491474037,0.0044591165957063,0.999986296237123,0.959402875298548,0.961643055716735,0.00224018041818685,0.233497363398015
train,73,3,0.000772806914237017,0.000580153662204723,0.00208051627099382,0.0105193321184116,0.999254520781125,0.655514404755944,0.655544860342228,3.04555862837841e-05,0.00464605904352675
train,74,1,0.00157283513480288,0.00130374220321832,0.00301292679421006,0.00230687185979057,0.99999356902659,0.964032741906403,0.965086010641742,0.0010532687353394,0.109256531397111
train,74,2,0.00149501335248505,0.00125187020610552,0.00309400821739336,0.00382106380689475,0.999961208015216,1.01738484461694,1.01790707924584,0.000522234628901774,0.0513310800396681
train,74,3,0.000640001117539388,0.000490391327704756,0.00172797557958826,0.0087115994791509,0.999599565596598,0.621101726811129,0.62166498649716,0.000563259686030881,0.0906871872539751
train,75,1,0.00247262371217114,0.00201203456942835,0.00486323728154769,0.00362658865843136,0.999988397681431,1.11314058883285,1.11395345629744,0.000812867464590417,0.0730246900297404
train,75,2,0.0014430070130697,0.00113709283211492,0.00398682556418262,0.00368814222399467,0.99998113487927,0.952545570582099,0.949001603864381,0.00354396671771839,0.37205219646895
train,75,3,0.000866750036927414,0.000729188428811561,0.00156066809291233,0.0117980718522514,0.999278445743965,0.61789105106486,0.617786353737693,0.000104697327167669,0.016944302233741
train,76,1,0.00178552280167725,0.00147102631736145,0.00421197642684601,0.00261882012619198,0.999995628044842,1.45883026164563,1.46159162265365,0.00276136100802349,0.189285969767898
train,76,2,0.00109551463092902,0.000906285874958707,0.00241045242701031,0.00279999593261719,0.999991055528304,0.955255238708953,0.953396791775093,0.00185844693386017,0.194549776703858
train,76,3,0.000912887263177211,0.000763838996643724,0.00198215274541858,0.0124260848746544,0.999748646571077,0.641654676153722,0.641175039617605,0.000479636536117378,0.0747499478991517
train,77,1,0.00160686723881242,0.0013282735334079,0.00374529363542919,0.00235678662919766,0.999996472134925,1.31839905784382,1.31923576769142,0.000836709847606087,0.0634640811238511
train,77,2,0.00191476815202804,0.00156809482421799,0.00402966460852877,0.00489390363781535,0.999972450237038,0.923731875264744,0.924035494773825,0.00030361950908131,0.03286879203928
train,77,3,0.000908267297164778,0.000766222810595235,0.00172336617183677,0.0123631985883579,0.999661665401903,0.629773122729639,0.630342190820026,0.000569068090386926,0.0903608092896062
train,78,1,0.00260399025687253,0.00210948315559919,0.0056481871946133,0.00381926351581718,0.999980693570872,1.37312228116131,1.373898893254,0.000776612092695972,0.0565581160069122
train,78,2,0.00169189697795346,0.00126075858691006,0.00576317704604934,0.00432427328940344,0.999973715470407,0.947831497692696,0.948617920322777,0.000786422630080441,0.08297072127217
train,78,3,0.000776409412347863,0.00063799769392513,0.00267779803373236,0.0105683687838267,0.999817006806127,0.624719204006812,0.624341248345892,0.000377955660919804,0.0605000868383235
test,79,1,0.00417685623136233,0.00337385823373528,0.0101238787455984,0.00612618060807003,0.999969482144723,1.32182060808932,1.32465042999013,0.00282982190081071,0.214085170369768
test,79,2,0.00526788877788654,0.00400856079720825,0.011402714152443,0.013464053089874,0.999832814694589,1.04735922315897,1.04617698293648,0.0011822402224877,0.112878198458205
test,79,3,0.00144663991126239,0.001207556875928,0.00386886945613085,0.0196914460804777,0.999151842188763,0.646357262351236,0.64809798212189,0.00174071977065426,0.269312324939631
train,80,1,0.00151227773837824,0.00124472664723164,0.00373337958813891,0.0022180525356141,0.999992436254112,0.914587535419162,0.910854155831023,0.00373337958813891,0.408203637547703
train,80,2,0.00131686061599346,0.00102006800203415,0.00387950286071626,0.00336572809208274,0.999991879466169,0.981707339649003,0.984748755040035,0.00304141539103175,0.309808765626543
train,80,3,0.000691086155656539,0.000535197480730556,0.00184353882652211,0.00940696137658757,0.999268229672757,0.631093024885259,0.629792615723295,0.00130040916196394,0.206056652614783
train,81,1,0.00208679003180853,0.00178831577595917,0.00433113375158389,0.00306068773207681,0.999992797683376,1.22471796021365,1.22419533557366,0.000522624639997193,0.0426730608168774
train,81,2,0.00156169166133622,0.00125625147675799,0.00358698279787631,0.00399148507586379,0.999930617105894,0.805418632959628,0.806967836333913,0.00154920337428477,0.192347595509679
train,81,3,0.000929348624454206,0.000794587673574969,0.00178941287858803,0.0126501544620297,0.99971413758546,0.6415686404524,0.641755097406134,0.000186456953734315,0.0290626664050842
train,82,1,0.00120755177775235,0.000924966226775779,0.00416649553641524,0.00177111202165895,0.999996290760418,1.05338489485825,1.0532256640625,0.000159230795749865,0.015116107751981
train,82,2,0.00130415472137701,0.00106759524101584,0.0036452599059249,0.00333325344296178,0.999991040452137,1.05592967791935,1.05781380530784,0.00188412738849508,0.178433036583237
train,82,3,0.000653207602605803,0.000567122915615858,0.00119299597936606,0.00889136417841943,0.999429772740773,0.61931534082431,0.619653456370185,0.000338115545874706,0.0545950541810694
test,83,1,0.00826006084139746,0.00638118616678664,0.0193819049206349,0.0121150027066034,0.999891407728894,1.47620535567931,1.47797495413313,0.00176959845381397,0.119874815993988
test,83,2,0.0128819247219057,0.0102849808653438,0.0258929144337962,0.0329245596610875,0.999192528331658,0.79963397104475,0.797325534310399,0.00230843673435088,0.288686676397056
test,83,3,0.010673032210425,0.00975171916231438,0.0164359985050355,0.145279717952331,0.981379678474469,0.687336025736786,0.68975028974405,0.00241426400726374,0.351249449594292
test,84,1,0.00191593237134661,0.00160200090006729,0.00419310272486872,0.00281009139160362,0.999994007640806,1.20329296440452,1.20625787455484,0.0029649101503173,0.246399691349027
test,84,2,0.00119206788796345,0.000943680197548248,0.00329896151223669,0.00304677376592471,0.999990504738367,1.01680039393347,1.01740780099683,0.000607407063364152,0.0597370995318374
test,84,3,0.000490574164986481,0.000358391962714862,0.00169767451409031,0.00667762215261772,0.99986182549911,0.627408561597392,0.626988064868145,0.000420496729246933,0.0670211971886935
train,85,1,0.00228834837651953,0.00178606382384792,0.006376659714384,0.00335631266010085,0.999993251805247,1.45584207738714,1.45635264048247,0.000510563095330818,0.0350699504610519
train,85,2,0.00146796266660817,0.00115911995743916,0.00499264105968755,0.00375192569746984,0.99997385469444,0.996817511556099,0.994738926341514,0.00207858521458504,0.208522140761776
train,85,3,0.000661892847122677,0.000532690617696271,0.00163090771517527,0.00900958642762487,0.999893006418882,0.607100567616066,0.607161079999519,6.05123834530596e-05,0.0099674397753698
train,86,1,0.00267963987790074,0.00228928961218804,0.00584138332057618,0.00393021855369257,0.999982614964679,1.34401336636346,1.34663578337911,0.00262241701565991,0.195118373171799
train,86,2,0.00121977236837262,0.000933402833192428,0.00306657509145714,0.00311758289094313,0.999960213640587,0.987636544078467,0.989068857907068,0.00143231382860121,0.145024385457269
train,86,3,0.000671514442325892,0.000552440436424068,0.00192441593321457,0.00914055414231134,0.999909454627602,0.612174404777831,0.612649362766375,0.000474957988544245,0.0775854045574832
test,87,1,0.0038574984482441,0.00277065242470797,0.0130887325162149,0.00565777965060231,0.999952942658018,1.33116532156943,1.3332011038512,0.00203578228176604,0.152932340467363
test,87,2,0.00272009440078901,0.00240341134573322,0.00478182508872649,0.00695221500792308,0.999901507333631,1.03178824484952,1.03463229857521,0.0028440537256853,0.275643160297885
test,87,3,0.00390534997846436,0.00309471490178116,0.0074203085158796,0.0531590397358927,0.993836168592993,0.645741387026212,0.64816005259905,0.00241866557283865,0.374556381460567
train,88,1,0.00184970724865087,0.00136602366269757,0.00506567310081962,0.00271295923288113,0.999994095013687,1.28065595974374,1.28159779657156,0.000941836827819564,0.0735433135381673
train,88,2,0.00139427296306004,0.00111784933524508,0.00343913799530549,0.00356358419623808,0.99997449906634,1.17691969354662,1.17674773805381,0.000171955492811904,0.0146106394306072
train,88,3,0.000648943962791318,0.00050945115829077,0.00184222951236246,0.00883332815102941,0.999810946367513,0.634016545719906,0.634392620940783,0.000376075220877126,0.0593163101840038
train,89,1,0.00163629834355513,0.00125743200818559,0.00355639437476878,0.00239995312887153,0.999993334317166,1.09178990875295,1.09176401343181,2.58953211338397e-05,0.00237182272214053
train,89,2,0.00114054958822111,0.000911692198861799,0.00233451078227115,0.00291509955029916,0.99998126952282,0.980795204916146,0.982526875567559,0.00173167065141278,0.176557821931932
train,89,3,0.000720805445378483,0.000529833504608396,0.0023053064425137,0.00981149590280499,0.999533480636364,0.599531959356313,0.599481157988338,5.0801367974973e-05,0.00847350457005092
train,90,1,0.00186253100013668,0.001470117798924,0.00476357706391606,0.00273176778489334,0.999993228860703,1.10924727786615,1.11240913544419,0.00316185757804033,0.285045331291935
train,90,2,0.00120727756095129,0.000977287962209617,0.0026598352238365,0.00308564775382049,0.999993783188693,0.971482165311865,0.97283981339038,0.00135764807851468,0.139750180393569
train,90,3,0.00071782237186895,0.000616521082785509,0.001556966184867,0.00977089075240802,0.999573523724484,0.629783268132958,0.629378346487902,0.000404921645055789,0.0642953958202496
train,91,1,0.00226133508644261,0.00193701534021075,0.00418309284936047,0.00331669236084638,0.999993718624311,1.40343013102862,1.40322851379682,0.000201617231796458,0.0143660327179014
train,91,2,0.00147733447958323,0.0012808064748495,0.00365813481704011,0.0037758788583593,0.999970394274553,0.872077937234567,0.870743053344701,0.00133488388986647,0.153069333928972
train,91,3,0.000924756609865024,0.000743576516834337,0.0022757917434818,0.0125876486463255,0.999796807871254,0.643880989031506,0.642948169901093,0.000932819130413876,0.144874463806887
train,92,1,0.00253493938192724,0.00208521296995564,0.00739640167033873,0.00371798683603016,0.999991661515199,1.36494827050723,1.37234467217756,0.00739640167033873,0.541881463946627
train,92,2,0.00132575884707536,0.0010194337449082,0.00335846485744096,0.00338847083794245,0.999990391515761,1.02000286686687,1.01664440200943,0.00335846485744096,0.329260335096616
train,92,3,0.00110739123392216,0.000917640174546417,0.00277522820922782,0.0150736438300966,0.999539058576602,0.623579596479493,0.621989304737038,0.00159029174245495,0.255026263115915
train,93,1,0.00278211627702551,0.00234620145557762,0.00598043123640984,0.00408052033434501,0.999973002907048,1.13783946191586,1.13905345258937,0.00121399067351025,0.106692614744277
train,93,2,0.00101647330140623,0.000771787037092457,0.00280672806300097,0.00259797635668074,0.999987276905381,0.996239404634555,0.994587621185595,0.00165178344896011,0.165801858597033
train,93,3,0.000780035010881563,0.000560049156175119,0.00297766776343611,0.0106177198887423,0.999613739802919,0.600152493314647,0.601110721746591,0.000958228431943708,0.159664159129191
validation,94,1,0.00324494011192494,0.00217419201669791,0.0122243568749013,0.00475934245444196,0.999975324068415,1.03039597702928,1.02978828611855,0.000607690910727987,0.0589764444228532
validation,94,2,0.00382901865660693,0.00284119294198285,0.0116759111262218,0.00978648423464956,0.999667563078899,1.03827910946664,1.03695316091411,0.00132594855253276,0.127706369168296
validation,94,3,0.0013764237031787,0.0011341169704525,0.00300132810196363,0.0187356735591396,0.999439692026902,0.608807874152448,0.606587536979053,0.00222033717339498,0.364702440237986
train,95,1,0.0022966465748386,0.00198758729350714,0.00483171318500863,0.00336848359891422,0.999990530878575,1.3299896426714,1.33121093408258,0.00122129141118066,0.0918271369939083
train,95,2,0.00194714287858629,0.00164296687544822,0.00448503724204241,0.00497664931744703,0.999952171827824,0.953799125082391,0.957319499255117,0.00352037417272588,0.369089683576905
train,95,3,0.000977076179920761,0.000784010364735915,0.00240836874594819,0.0132998148078462,0.999691891499564,0.662316580111492,0.660399145958349,0.00191743415314249,0.289504175302349
test,96,1,0.00798562596713258,0.00741304062705219,0.0126901186161087,0.0117124900243913,0.999819756836151,0.972765878841859,0.974861345060862,0.00209546621900358,0.215413211398654
test,96,2,0.00475671913732017,0.00366568246367696,0.0117995325919713,0.0121575685628263,0.999859938875281,1.09007113411564,1.0940631397599,0.0039920056442615,0.366215150491088
test,96,3,0.00200187161314253,0.00163520988556494,0.00448166794338711,0.0272491769536732,0.993334284310633,0.603678202156032,0.604568806357391,0.000890604201359335,0.147529627238245
train,97,1,0.00317724442462318,0.00276668351089436,0.00574988268303389,0.004660053423691,0.999974038015153,0.984767802381749,0.989192585653147,0.00442478327139839,0.449322496196226
train,97,2,0.00185841781839404,0.00158447669356727,0.00404760564481887,0.00474987935870279,0.999981079049401,1.0407680493498,1.04072143754266,4.66118071413835e-05,0.00447859704864146
train,97,3,0.000960432609381639,0.000832862754247441,0.00171316702438384,0.0130732650152501,0.998009352601118,0.628998748775555,0.627992514418889,0.0010062343566658,0.159973983831382
validation,98,1,0.00441018272542946,0.00281565233387468,0.0157030168605878,0.00646839977103049,0.999949710949642,1.11524514462081,1.11542669230495,0.000181547684134475,0.0162787244589352
validation,98,2,0.00470925266277281,0.00413427641097899,0.00968925123337139,0.0120362502965831,0.999229605039687,1.09239305220074,1.09453119942929,0.00213814722855021,0.195730577400019
validation,98,3,0.00346234005410731,0.00281765252663147,0.00654714045567634,0.0471288549119576,0.996068094310259,0.589120420163494,0.586710325859022,0.00241009430447203,0.409100452468305
train,99,1,0.0028891253823616,0.00241520650972278,0.00573373957838663,0.00423747021954206,0.999983226028157,1.14447244220243,1.14495329447031,0.000480852267872978,0.0420151897189959
train,99,2,0.00158675971175233,0.00139877524285587,0.00308086493206716,0.00405555582144957,0.999973146141675,0.954954723544758,0.95463269151243,0.000322032032327946,0.0337222304249749
train,99,3,0.000626344672050483,0.000523618653921749,0.00122994097051976,0.00852570998591751,0.999694262282346,0.630222341253922,0.629110560540807,0.00111178071311502,0.176410869678622
train,100,1,0.0022970168182128,0.00181429881143707,0.00535347339100961,0.00336902663359238,0.999983401444395,1.05498876799908,1.05553847985835,0.00054971185927144,0.0521059442475429
train,100,2,0.00175392616472899,0.00137869239515784,0.00466568667576217,0.0044828119942017,0.999911551486499,0.982550769520501,0.981435489474743,0.00111528004575745,0.113508643049735
train,100,3,0.000482844806365918,0.000405105036828769,0.000901866180519684,0.00657241127924933,0.99994301027271,0.646861250634135,0.64749864346022,0.000637392826085104,0.0985362510832503
test,101,1,0.00936063497541713,0.00796254541326155,0.0173673124325147,0.0137292109876903,0.999755723661448,1.07471071106062,1.08433271744246,0.00962200638183686,0.89531129473354
test,101,2,0.00650872760199266,0.00558553929867316,0.0114723377777566,0.0166354791598156,0.999628035229781,0.796690400874441,0.794739569781276,0.00195083109316441,0.244866900746286
test,101,3,0.00222572021527622,0.00163187749520127,0.00664628387346089,0.0302961706421436,0.99516761806051,0.619834991916214,0.624092904161804,0.00425791224558991,0.686942864007502
train,102,1,0.00127470953002665,0.00107516780140482,0.00269007956005451,0.0018696120649631,0.999993117267124,0.760564974016601,0.758508373718842,0.00205660029775856,0.270404287341488
train,102,2,0.00103209028097328,0.000812540428988508,0.00224428203421423,0.00263789136834099,0.999994988269975,0.987257553788782,0.988329711194715,0.00107215740593214,0.108599564705029
train,102,3,0.000572103223532662,0.000486787817983155,0.00115122005824009,0.00778738350224984,0.999721748226742,0.625721865225831,0.625343588801134,0.000378276424696566,0.0604544040601876
test,103,1,0.0151606669887098,0.0129785235257709,0.0332871703865657,0.0222360979088208,0.998692378740269,0.897553695110156,0.869582980133402,0.0279707149767535,3.11632776168569
test,103,2,0.0160446772912042,0.0112345247919808,0.0420558436499183,0.0410081525953057,0.998947012492572,1.3575728454567,1.39520345546177,0.0376306100050769,2.77190355795734
test,103,3,0.00847815129761649,0.00672472951695443,0.0159419882582338,0.115403327282366,0.996979900681219,0.706309092202043,0.698907321472032,0.00740177073001069,1.04795065102933
test,104,1,0.00542121468887152,0.00396314256009851,0.0119792771985656,0.00795127685980153,0.999949283871974,1.21131598892146,1.21415876073432,0.00284277181286008,0.234684577670872
test,104,2,0.00344665346212697,0.00310722379577798,0.00573902886168293,0.00880920747440184,0.999731432380567,0.73111457760796,0.732429873782945,0.0013152961749856,0.179902879147746
test,104,3,0.00170536325025604,0.00135737050496104,0.00358816439991561,0.0232131494704449,0.998909251657188,0.61059930558813,0.613746082607522,0.00314677701939237,0.515358761563181
test,105,1,0.00207923686081931,0.00179955680343225,0.00381546662110344,0.00304960952227486,0.999991823806692,1.21174994272259,1.21283136338392,0.00108142066132522,0.089244539916829
test,105,2,0.0023816359831288,0.00205887486829642,0.00417916527322842,0.00608715837969257,0.999947734413857,0.911371490266337,0.913198351302835,0.00182686103649832,0.200451852620981
test,105,3,0.00113728568347789,0.00101956839936883,0.0017830128518414,0.0154805626057708,0.999507416509414,0.627429762012396,0.628625914172276,0.00119615215987945,0.190643197422282
validation,106,1,0.00516543522979802,0.00442057728164415,0.0114892960195104,0.00757612601061666,0.999954392985735,1.17979431216921,1.17677301935428,0.00302129281493602,0.256086402839233
validation,106,2,0.00344603614340206,0.00255889166346822,0.00807312066331378,0.00880762968632848,0.999847720139866,0.9830023315825,0.981545394243381,0.00145693733911934,0.148213009502619
validation,106,3,0.00150289563892423,0.00127948854922186,0.00241269359955898,0.0204571906305534,0.999701208981466,0.601899769021922,0.599662434378384,0.00223733464353815,0.371712161839467
train,107,1,0.00150199398236062,0.00121167252046888,0.00323636684877127,0.00220296938618219,0.999995259989071,1.15311824377612,1.15221820947218,0.000900034303936703,0.0780522126672245
train,107,2,0.00095469777181604,0.000796356180566797,0.00204646498617067,0.00244008596735648,0.999994923357814,1.13330167297047,1.13206838003464,0.00123329293583163,0.108823004963813
train,107,3,0.00074027922377656,0.000539389894766924,0.00178294689952974,0.0100765700614284,0.999935122410698,0.600683727618901,0.601240814947601,0.00055708732870019,0.0927422041060565
train,108,1,0.00193893337801781,0.00152017787749225,0.0044639682387535,0.00284382688864495,0.999994454894688,1.18940487584022,1.19378767553026,0.00438279969004118,0.368486776796259
train,108,2,0.002027800617903,0.00164220953537871,0.00475796060745054,0.00518280023104038,0.999980811040201,0.943375331917161,0.943085228444493,0.000290103472667891,0.0307516491954832
train,108,3,0.000959230414497075,0.000810384365398947,0.00186194798449157,0.0130569009183084,0.99980491814545,0.620191555843789,0.620516303017071,0.000324747173282347,0.0523623983948829
train,109,1,0.00139584331878167,0.0011517469289723,0.0031817948002974,0.00204727857454536,0.999995401931139,1.09134980760171,1.09099047032345,0.000359337278257765,0.0329259487429997
train,109,2,0.00120481142932509,0.00102178789603569,0.00222480260786007,0.0030793446353338,0.99999196865163,0.851388479738938,0.851320250956743,6.82287821953675e-05,0.00801382492470283
train,109,3,0.000936834466580641,0.000794786239969104,0.0016405882563133,0.0127520506253057,0.999223934371559,0.628502410479322,0.627013507875593,0.00148890260372891,0.236896880410278
train,110,1,0.00161303468212004,0.00123482452219811,0.00548378408743988,0.00236583239699519,0.999988244693926,0.906250296025309,0.905628267550578,0.000622028474731251,0.0686376023775532
train,110,2,0.00158888771045263,0.001264103513446,0.00407309687536728,0.00406099471522354,0.999983597523656,1.2552272162048,1.2541175097068,0.00110970649800501,0.0884068225799174
train,110,3,0.000809170331580402,0.000667813563953734,0.00201884448050382,0.0110143055159687,0.999914576898662,0.681380788954317,0.681504758888367,0.000123969934050061,0.0181939285726432
train,111,1,0.00195104599450755,0.0017479240138683,0.0028874306074716,0.00286159242141462,0.999993344516244,1.04220378614448,1.03985214859685,0.00235163754762557,0.225640856317094
train,111,2,0.000622376088680664,0.000500706176708285,0.00128311805892262,0.001590714051337,0.99999329670507,0.820564181069952,0.819524803647282,0.00103937742267013,0.126666194631462
train,111,3,0.00084903154495463,0.000618224290963615,0.00204798212382601,0.0115568903898894,0.999634099677738,0.62275895057626,0.622509107035312,0.000249843540947925,0.0401188197643304
train,112,1,0.00157775928503014,0.0011770226266038,0.00415271854905702,0.00231409409392133,0.999991316458928,0.877701698894485,0.878358297829797,0.00065659893531167,0.0748088941993269
train,112,2,0.000948447471454557,0.000750234064071057,0.00199852293110159,0.00242411099532444,0.999995762042331,0.969538721210841,0.970267931295145,0.000729210084303933,0.0752120640827253
train,112,3,0.000431534610098725,0.000322305520299591,0.00110871018476744,0.00587398456275395,0.999758827399132,0.62434609449651,0.625054801747679,0.000708707251168672,0.113511921899695
train,113,1,0.00260712537626752,0.0022577639598728,0.00539375243298812,0.00382386178460541,0.999986106956789,1.22033749330148,1.22225227135601,0.00191477805452811,0.156905615457892
train,113,2,0.00102666874580255,0.000823036523288378,0.00361103425061175,0.00262403461463089,0.999978174928827,0.721414186459368,0.722139235823706,0.000725049364338481,0.100503896090116
train,113,3,0.000601361579144165,0.000456113316680326,0.00201410417475778,0.00818564386230349,0.999962885586091,0.60973335573697,0.609611501036412,0.000121854700557367,0.0199849162606635
train,114,1,0.00243475767457288,0.00207424428535659,0.00475670910040016,0.00357105067187172,0.999988885874682,1.03894695237225,1.0408437952038,0.00189684283154423,0.18257359793136
train,114,2,0.000931756689090787,0.00077319462584154,0.00189514879854535,0.00238145148041579,0.999985581676278,0.909922602284907,0.908758898696202,0.00116370358870499,0.127890392631507
train,114,3,0.000815309383324191,0.000671985807040501,0.00167064810821266,0.0110978693700121,0.99989424655629,0.589854726627709,0.590560498037179,0.000705771409470146,0.119651734165995
validation,115,1,0.0062306198385739,0.00472822764322001,0.0137428661199941,0.00913842859726065,0.99992404591472,1.1154341647938,1.11615428768181,0.000720122888013597,0.0645598737014409
validation,115,2,0.00445300238704836,0.00361371372728296,0.0088210053106989,0.0113813072136669,0.999847885150299,0.965567988631089,0.962577528547951,0.00299046008313741,0.309709944648959
validation,115,3,0.00277705092899812,0.0023115249273492,0.00553821815962319,0.0378008018480478,0.998986469913618,0.61359797540547,0.619136193565093,0.00553821815962319,0.902580905023927
train,116,1,0.00080143704471262,0.000694154179674926,0.0017137700735525,0.00117546494539172,0.999998618149086,0.954779656084565,0.953791712570817,0.000987943513747203,0.103473456671526
train,116,2,0.000971160556778808,0.000851451843473435,0.00172177221773473,0.00248216274993328,0.999965595433498,0.647685975661004,0.648107368577994,0.000421392916989949,0.0650613002018287
train,116,3,0.000508724723653557,0.000405022181880123,0.00118029120908947,0.00692468484219289,0.99989025941045,0.632038697175816,0.632358939295859,0.000320242120042669,0.0506681191315705
validation,117,1,0.00222745259795837,0.0017533835327603,0.00419789686257444,0.00326699703201348,0.999977372186455,0.733495677170482,0.729931149516553,0.0035645276539289,0.485964371007522
validation,117,2,0.00187237478901331,0.0015683406529715,0.00316727597949579,0.00478555159881925,0.999958577937191,0.941516355847389,0.943713416409497,0.00219706056210756,0.233353414251646
validation,117,3,0.00115097478186319,0.000901735628589274,0.00250505045383154,0.0156668965653455,0.99965600569495,0.63996753306246,0.637511118859756,0.00245641420270437,0.383834190923656
train,118,1,0.00174171592277361,0.00158557960666897,0.00368892133653503,0.00255456872820886,0.999985622647229,0.992977881123137,0.991752190800963,0.0012256903221749,0.123435813171241
train,118,2,0.0016050129165369,0.00131242937689748,0.00376446262837493,0.00410220868916223,0.999986357289756,1.06432717670862,1.0652382324371,0.00091105572847483,0.0855992168960884
train,118,3,0.000596057840151417,0.000501013128525467,0.00158589096615969,0.00811345016047932,0.9999393114066,0.670738604262035,0.671446963578795,0.000708359316760165,0.105608848552786
train,119,1,0.00175643695095537,0.00147969368281108,0.00381708711011508,0.00257616000939799,0.999994976214314,1.14929184177137,1.14559918496865,0.00369265680272313,0.321298443834052
train,119,2,0.00102056037317766,0.000806736128441657,0.00274730072059043,0.00260842239182553,0.999989712012631,0.919385645725072,0.918791299382231,0.000594346342841279,0.0646460324462156
train,119,3,0.000794304537280132,0.000651561222655296,0.00176967247475157,0.0108119545476121,0.999835499117171,0.592413737261046,0.592602867952947,0.000189130691901185,0.0319254399426333
train,120,1,0.00201202921476211,0.00150699707528629,0.00598944866569828,0.00295103629993166,0.999993216346423,1.34584524564327,1.34352641932064,0.00231882632263813,0.17229516767582
train,120,2,0.00136302591059233,0.00114540449484003,0.003296707660249,0.00348372070802371,0.999988717138764,1.13377597795099,1.1349387331999,0.00116275524890797,0.102555996203884
train,120,3,0.00055768279776073,0.000435053977650474,0.00154301698884057,0.00759109482368175,0.999873576101886,0.564613730274223,0.564609484619339,4.24565488332806e-06,0.00075195742782699
train,121,1,0.00160532556795497,0.00130526037319322,0.00352440865315751,0.00235452546587583,0.999993246419269,0.938009567151492,0.939448150078037,0.00143858292654486,0.153365485483639
train,121,2,0.00216361078093999,0.00156301654809464,0.0054635695642804,0.00552991371850624,0.99997050438352,0.945459187301455,0.947731327325735,0.00227214002427989,0.2403213226755
train,121,3,0.000472597982408686,0.000378982419561806,0.00110642183404125,0.00643293304428628,0.999970224243486,0.6315674588016,0.631589691984948,2.22331833472644e-05,0.00352031806538163
validation,122,1,0.00176192011648471,0.00126641993936753,0.00455550912726677,0.00258420214934153,0.999988979547985,0.860492144510282,0.857125084826294,0.00336705968398809,0.391294645217747
validation,122,2,0.00172480716043873,0.00124207107880843,0.0050568075232085,0.00440838752621859,0.999972510369298,0.883374543936509,0.882799198220936,0.000575345715572717,0.0651304386708781
validation,122,3,0.000718806009857328,0.000634131917832017,0.00163101033914781,0.00978427988557105,0.999564440165147,0.632928283070477,0.633379531712133,0.000451248641655466,0.071295382703765
train,123,1,0.00215354963238355,0.00161577788264296,0.00583102502225386,0.0031586038076588,0.999982720055374,0.904722765872411,0.906901225680991,0.00217845980858,0.240787552911786
train,123,2,0.00146889157149934,0.00127249362991461,0.00333644103276368,0.00375429986011781,0.999989809775049,1.1755728773503,1.17370279205122,0.00187008529908117,0.15907863605158
train,123,3,0.000784787380809298,0.000513193810838118,0.00227515864389288,0.0106824084373286,0.999906835628673,0.627217674061388,0.627156544046619,6.11300147689287e-05,0.00974622005995094
train,124,1,0.000980767669310509,0.000800252927438683,0.0023770099434447,0.00143848855309832,0.999997143029362,0.895480449932714,0.895687801777123,0.000207351844409231,0.0231553736795496
train,124,2,0.000887800054741294,0.000737585975994696,0.00174863737999253,0.00226910391889966,0.999993390238681,0.875080546174981,0.875236309270912,0.000155763095931127,0.0177998581515696
train,124,3,0.000453049371867242,0.00037195835898029,0.000935228906032148,0.00616684028172093,0.999756233101815,0.630949315733842,0.6309464032314,2.91250244222052e-06,0.000461606403175675
train,125,1,0.00183640862872192,0.00143358574835167,0.0051185594665627,0.00269345419296353,0.999992190530363,0.99854575437639,0.995541561542062,0.00300419283432785,0.300856803122058
train,125,2,0.00124025698117614,0.000944318060025381,0.00324566290491002,0.00316993895348375,0.999956284888783,0.604868029299676,0.601772319746088,0.00309570955358784,0.511799170006075
train,125,3,0.000618481943143958,0.000473441773882518,0.00173432550782238,0.00841868369616643,0.999782372917396,0.65079669387466,0.65110556193383,0.000308868059169298,0.0474599920491889
test,126,1,0.00430859697323144,0.00325102499870449,0.0102914390506681,0.0063194042991493,0.99996064967171,1.02351639745897,1.02824235074428,0.004725953285311,0.461736939148595
test,126,2,0.00471203505239213,0.00427528853783854,0.00816810644238297,0.0120433617302392,0.99977291063563,0.886301089048577,0.885790221542094,0.000510867506483437,0.0576404015289929
test,126,3,0.00150614541582023,0.0012670287096185,0.00280221752123833,0.0205014261075529,0.99965811428585,0.653943403784916,0.65583621896311,0.00189281517819406,0.28944632933657
train,127,1,0.00145876287056027,0.00113268657689974,0.0039269599581564,0.00213956246382081,0.999996864123903,1.23923788395267,1.24088827938017,0.00165039542750423,0.13317825809522
train,127,2,0.000945745111793681,0.000831638527201664,0.00170862017922468,0.00241720410805402,0.999986309420453,0.782635220180834,0.783152402172695,0.000517181991861349,0.0660821259413613
train,127,3,0.000819157336033271,0.0006684784746049,0.00182357383258358,0.0111502471267027,0.99976386180421,0.623366462144352,0.623319953539711,4.65086046411711e-05,0.00746087694246233
train,128,1,0.00121526305047126,0.00109103583600412,0.00225047650187749,0.00178242211872177,0.99999698265454,1.13020380011833,1.13113566025111,0.00093186013277613,0.0824506281679962
train,128,2,0.00127429656880803,0.00103776121023748,0.002558870629495,0.00325693980607522,0.999987072635773,0.838202896954556,0.83866819161489,0.000465294660334181,0.0555109821291166
train,128,3,0.000390197018854085,0.000332539947927344,0.000704822381257464,0.00531130345410105,0.999972632181868,0.634048056352962,0.63434303703947,0.000294980686507795,0.0465233957508712
validation,129,1,0.00923528606700304,0.00811751296407519,0.0164593197671179,0.0135453621766627,0.99984639810824,1.12847714037365,1.1253068066234,0.00317033375024867,0.280939120237645
validation,129,2,0.0119395538741551,0.0107277473254247,0.0204899667797298,0.0305159797423685,0.99924646347472,1.37085867754692,1.38124342531955,0.0103847477726229,0.757535984030521
validation,129,3,0.00553369710375721,0.00456717043158365,0.0105211646823165,0.0753238572335825,0.998147768595936,0.655753788007499,0.651944382926965,0.00380940508053451,0.58092002672365
train,130,1,0.00165255088652298,0.00136520522514573,0.00335971271777602,0.00242379067750772,0.999993701132865,1.05353675195988,1.05270689447266,0.000829857487221641,0.0787687269265044
train,130,2,0.00130496750795229,0.00113481592598812,0.00249522333054464,0.00333533082197671,0.999992475589518,1.22075578750359,1.22276991089212,0.00201412338853268,0.164989870140326
train,130,3,0.00063777375339737,0.000529841157141701,0.00168881725231235,0.00868128093162385,0.999955827275139,0.595486274978505,0.594815900638408,0.000670374340097979,0.112575951498156
train,131,1,0.00205012399765243,0.00167530216984438,0.00420641914072661,0.00300690978642109,0.999993327504688,1.31401723316001,1.31490456121939,0.000887328059380188,0.0675278860115326
train,131,2,0.000918588607491164,0.000672977130097701,0.00239209239549265,0.00234779554020434,0.999988208992477,0.778781077340094,0.777892924181327,0.000888153158767335,0.114044008593634
train,131,3,0.000552491977705124,0.000453665351061116,0.00107683861391628,0.00752043815753929,0.999866022285825,0.629644366780387,0.630196276747825,0.000551909967437703,0.0876542373053903
validation,132,1,0.00192297028418544,0.00129269006572089,0.00580081188754056,0.00282041387405604,0.999992737325978,1.11813782048049,1.11315563713031,0.00498218335017442,0.445578645039791
validation,132,2,0.00158472038039646,0.00131320521187809,0.00363475971647015,0.00405034355012019,0.999966093284374,0.812659842167797,0.813411869274575,0.000752027106778019,0.092538977288697
validation,132,3,0.000499839046571391,0.000443760339744879,0.000932209725907018,0.00680373433488985,0.999856896903039,0.632383617083721,0.631829129023963,0.000554488059757774,0.0876822303390516
train,133,1,0.00194886783948302,0.00147760813635009,0.00595365234410776,0.00285839772896328,0.999990347885451,1.02069779246414,1.01959652577677,0.00110126668736954,0.107893511233221
train,133,2,0.00112888138018499,0.000899994386033536,0.00273783207299991,0.00288527709597523,0.999989074684532,1.14489074473637,1.14515250717509,0.000261762438726443,0.0228635299857122
train,133,3,0.000727227845979214,0.000603762345504605,0.00189741655224757,0.00989891665910513,0.999937355178111,0.634432133809439,0.635263141604689,0.000831007795250027,0.130984505822593
test,134,1,0.00481563214860133,0.00406373768046669,0.00891743641554776,0.00706307103961245,0.999958531175561,1.2974139631179,1.29056971478824,0.00684424832966224,0.527530034686414
test,134,2,0.00244417923972839,0.00179242753470756,0.00654426856223933,0.0062470109815177,0.999917511652938,0.787751368945124,0.787203034179836,0.000548334765287817,0.0696075928147342
test,134,3,0.00196786570257366,0.00170618634547301,0.00383005583329976,0.0267862935856897,0.998921072933008,0.647190290916049,0.643949752902032,0.00324053801401658,0.500708687923894
test,135,1,0.00366560598333258,0.00317348865940323,0.00572714555233256,0.00537633163509513,0.999957256688838,0.783505091280368,0.787927845036739,0.00442275375637047,0.56448309086837
test,135,2,0.00344152509854528,0.00306554644718002,0.00578597535063341,0.00879610002995126,0.999939718165514,0.892985671747731,0.8913134399385,0.00167223180923104,0.187263005682744
test,135,3,0.00246171232504853,0.00197884662295696,0.00442057339182078,0.0335084599401379,0.996966018032996,0.644086299605597,0.644248006038363,0.000161706432765918,0.0251063301400663
train,136,1,0.00220140524411643,0.00180325879979488,0.00518147414497583,0.00322879346809863,0.999985478283575,0.889562951764843,0.894726596818784,0.00516364505394085,0.580469886217323
train,136,2,0.000855411053410013,0.000622848526652573,0.00208220103153711,0.00218632175476533,0.999993056488606,0.961028773156414,0.963092206209433,0.00206343305301859,0.214710850565007
train,136,3,0.000867555160440099,0.000719310829189828,0.001619364816001,0.0118090310730739,0.999834797254388,0.636334465254534,0.636432039831017,9.75745764826286e-05,0.0153338506415174
train,137,1,0.00100555553717337,0.000899565730315892,0.00185900468434497,0.0014748448332778,0.999998172030295,1.19734966288878,1.19838838102832,0.00103871813954615,0.0867514454416006
train,137,2,0.00087117557478653,0.00073818957694091,0.00183287619721126,0.00222661386450783,0.999995870857097,1.02503577372511,1.0236378254098,0.00139794831530748,0.136380441652993
train,137,3,0.000835680563244982,0.000590980360586571,0.00200080227638177,0.0113751588239273,0.99980612745552,0.617847727632202,0.617529322840185,0.000318404792016724,0.0515345088727537
validation,138,1,0.00378142773865424,0.00299159907950263,0.00823944965567508,0.00554620700358794,0.999941967632565,0.819256310953842,0.818856511485021,0.000399799468821627,0.0488002916152271
validation,138,2,0.00209485396146725,0.0016850154556547,0.00463561054421796,0.00535418004099242,0.999967335689489,0.98513114796009,0.986259947482655,0.00112879952256517,0.114583680041239
validation,138,3,0.00161315918151212,0.00132446727959256,0.00356725145369935,0.021958081478793,0.998940202604688,0.645534971795013,0.644801620066575,0.000733351728437914,0.113603717920768
train,139,1,0.00201166011057635,0.00178904993476018,0.00368332895795614,0.00295049493609726,0.999986055129094,0.807982302159717,0.805362970740036,0.00261933141968163,0.324181781293998
train,139,2,0.00131016625201288,0.00116965185814002,0.00216153866286839,0.00334861814997162,0.99998515015625,0.894522197969535,0.896659721429713,0.00213752346017815,0.238957005765769
train,139,3,0.000938823971825569,0.000825893398220871,0.00154356545903045,0.0127791314731051,0.999375111315425,0.631126500387837,0.63133286576641,0.000206365378572548,0.0326979422422816
train,140,1,0.00103251157367415,0.000836683420981487,0.00249392767450651,0.00151438115890989,0.99999764261777,0.995252780658224,0.996377066134158,0.00112428547593391,0.112964816354529
train,140,2,0.00129473147863126,0.00105021899110623,0.00212499155439461,0.00330916883412566,0.999944907659032,0.669088337060415,0.670905631010885,0.00181729395047014,0.271607476892256
train,140,3,0.000367799238138088,0.000280920068225981,0.000815293635007153,0.00500642821330491,0.999951340096845,0.631446668533799,0.631286653821094,0.000160014712705103,0.0253409702955046
train,141,1,0.00233526981558289,0.00157022890439013,0.00768205580848136,0.00342513217271282,0.999987868126481,0.990344984766033,0.990563108721246,0.000218123955212146,0.0220250476922118
train,141,2,0.0019070734301255,0.00156667114760084,0.0040186592326521,0.00487423690820584,0.999982575024672,1.0359789018802,1.03677343698707,0.000794535106868999,0.0766941397577687
train,141,3,0.000821045488265238,0.000650811358058034,0.00218572770317699,0.0111759483724502,0.999958537995561,0.638344491838871,0.637928530659213,0.00041596117965792,0.0651624921928387
train,142,1,0.00191496804769916,0.00155007344519144,0.00368334236331802,0.00280867702144059,0.99999089568956,0.93505969793143,0.935735058038161,0.000675360106731637,0.0722264159417512
train,142,2,0.000944662727073516,0.000762849374194732,0.00279546680113829,0.00241443767050181,0.999992387581969,1.07527981145575,1.07478625340085,0.000493558054893484,0.045900429789088
train,142,3,0.000713719939560537,0.000548126307105351,0.00166979360979547,0.00971504905747688,0.99991784602891,0.610084006779668,0.608548236240397,0.00153577053927056,0.251730994781709
test,143,1,0.00263374372583455,0.0022576804336698,0.0047267631708936,0.00386290282597809,0.999980860167137,0.892542844445348,0.890420285709442,0.00212255873590583,0.237810291025845
test,143,2,0.00184496693372147,0.00158997780203136,0.00322333115148077,0.00471550060983901,0.999931966982238,0.743459356964463,0.744740862528957,0.00128150556449447,0.172370628264986
test,143,3,0.000773035295498335,0.000666159236440795,0.00127474555681661,0.0105224408099789,0.998697040810655,0.619855808175191,0.619807871128796,4.79370463946083e-05,0.00773358025566161
validation,144,1,0.0055356902487137,0.00479125722790906,0.00938648084923799,0.00811917776803422,0.999924380291127,0.940549212084493,0.941177138469118,0.000627926384624389,0.0667616724948125
validation,144,2,0.00278254597006223,0.00234605514496086,0.00518526221462121,0.00711183326861421,0.999952210295933,1.04785539471789,1.04850161281606,0.000646218098166118,0.0616705417010423
validation,144,3,0.00125694228740681,0.0010062345800796,0.00284882495007699,0.0171093103999494,0.999594342540927,0.575244792601111,0.5737676663139,0.00147712628721153,0.256782209280389
train,145,1,0.0013128713407232,0.00113731881419566,0.00239200857490257,0.00192558386090443,0.999994812156989,0.896281210354436,0.896327322549519,4.61121950826593e-05,0.00514483563305139
train,145,2,0.00175506314367194,0.00144637354561216,0.00342190925522212,0.00448571796763725,0.999945632962119,0.727542133055917,0.729690728388462,0.00214859533254497,0.295322461053927
train,145,3,0.000912250603454159,0.000776531237024222,0.0020174676685516,0.0124174187577372,0.999424933535744,0.627942977291574,0.627234506207245,0.000708471084329365,0.112824111416155
train,146,1,0.00151177268968229,0.0011702904524447,0.00308023116942624,0.00221731178243614,0.999996319503714,1.43617567819587,1.43924359449388,0.00306791629801051,0.213617062632925
train,146,2,0.00100424592656738,0.000806274794956884,0.00247244448971456,0.00256672474319353,0.999976289519955,0.782918810209757,0.783554410688602,0.000635600478845033,0.081183447192276
train,146,3,0.000507887340124231,0.000410739503328877,0.00116779704636133,0.0069132865028494,0.999937396606789,0.620665208784199,0.621248797715162,0.000583588930962997,0.0940263644076604
train,147,1,0.00139144684861138,0.00119899275324716,0.00263084329255148,0.00204083028693159,0.999997011618039,1.41262062260373,1.41462232077608,0.00200169817235074,0.141701044167203
train,147,2,0.00201770352507514,0.00174058299974897,0.00397553212160609,0.00515699334717861,0.999864881095193,0.486277511549679,0.489261759455017,0.00298424790533786,0.613692353534424
train,147,3,0.000591197371341861,0.000470095503428885,0.00137831986786618,0.00804729018608341,0.999956701772589,0.635863213628441,0.636905629875102,0.00104241624666124,0.163937184023097
validation,148,1,0.0034844634534713,0.0025134261752675,0.00783706004382767,0.00511065051219687,0.999941271435009,0.657340685222058,0.650140665581985,0.00720001964007266,1.09532542286507
validation,148,2,0.00320519468983374,0.00243296512393239,0.0075625532713226,0.00819206959122959,0.999952056845727,1.21210841838983,1.20487785581254,0.00723056257728349,0.596527708873487
validation,148,3,0.00107828499649157,0.000908769398689517,0.00222032839326802,0.0146774540799675,0.999882748504813,0.608033452149017,0.608383543149049,0.000350091000032249,0.0575775886663631
test,149,1,0.00869680169310958,0.00717300809413393,0.0211652822025322,0.0127555690053476,0.99978303807964,0.868101065180777,0.876618666211851,0.00851760103107413,0.981176198568583
test,149,2,0.0071064280187531,0.00505598284062905,0.0187707404808581,0.0181631253350507,0.999757055287251,1.1874575152424,1.20451417666131,0.0170566614189092,1.43640182490465
test,149,3,0.00201706448175739,0.00174399583535621,0.00403050721341447,0.0274559800086755,0.999761761092635,0.615576434596026,0.614334618225182,0.00124181637084397,0.201732279056283
train,150,1,0.00200161690930808,0.00159367977223074,0.00453469796796258,0.00293576460748537,0.999980225585109,0.683511999451801,0.684437992270381,0.00092599281858019,0.135475722346187
train,150,2,0.00204421581507186,0.00137703812878014,0.00554165746177449,0.00522475538527411,0.999963049886267,0.995005661625591,0.994182597029705,0.000823064595886214,0.0827195892073148
train,150,3,0.00104379611238125,0.000896445936718626,0.00210269639296828,0.0142079965483819,0.999845888327619,0.622809763569571,0.623793471810968,0.000983708241397485,0.157946824044546
train,151,1,0.00143966391664716,0.00117121141159233,0.00321797751297437,0.00211155009408245,0.999991897379579,0.906999262034619,0.910193157060692,0.00319389502607359,0.352138657633404
train,151,2,0.00159604504023077,0.00140896753759019,0.00284806115057018,0.00407928793897555,0.999899682747452,0.688653447299154,0.689518900442086,0.000865453142932182,0.125673246293389
train,151,3,0.00059361110141056,0.000488938082472144,0.00118341551697498,0.00808014551872742,0.999679378371481,0.634079089473771,0.633948183375078,0.000130906098692929,0.0206450742290791
train,152,1,0.00183687086919845,0.00143458425107642,0.00524068348156137,0.00269413215947391,0.999993361330557,1.23040865286289,1.22934024576589,0.00106840709700329,0.0868335162075901
train,152,2,0.00131351023324929,0.00112981888291473,0.00257733749222666,0.00335716494030773,0.999993587965421,1.29495586281179,1.29358941928463,0.00136644352715543,0.10552047111385
train,152,3,0.000544333647323763,0.000420681284487732,0.00159207128660616,0.00740938818472947,0.999979463316858,0.605180193979168,0.604295382629804,0.000884811349363246,0.146206263550275
train,153,1,0.00124961755195411,0.00106104500988873,0.00293188601027494,0.00183280974738945,0.99999770213601,1.28577540581508,1.28300411734411,0.00277128847096542,0.215534412808949
train,153,2,0.0014036686910589,0.00123143965812226,0.00262611526320383,0.00358759848088388,0.99998863597989,1.19831329937516,1.19804065469039,0.000272644684770729,0.0227523707625455
train,153,3,0.000761821254344789,0.000645790232003743,0.00166156635838044,0.0103697969592181,0.999929315800574,0.53209113701621,0.53168985718675,0.000401279829459922,0.0754156199086806
test,154,1,0.00352792209462794,0.00290629113060396,0.0074353312659502,0.00517439115107926,0.999966320865939,1.01661216538721,1.01503317565017,0.00157898973703641,0.155318792239221
test,154,2,0.00252247623003942,0.00210619962084234,0.00518171331930287,0.00644712812118668,0.999967003518029,0.912909409210886,0.911570340107088,0.00133906910379822,0.146681487811118
test,154,3,0.000726435820511076,0.000584151034795176,0.0015427005755399,0.00988813572690577,0.999745850314951,0.635655106164489,0.635732239972168,7.71338076787087e-05,0.012134537570874
train,155,1,0.00155480114593239,0.00124589089511392,0.00334079491438999,0.00228042147060192,0.999994919096679,1.04989206509776,1.04655127018337,0.00334079491438999,0.318203654018369
train,155,2,0.00150014265442361,0.00124366535793968,0.00419462585131519,0.00383417364966606,0.999983412283636,0.976955994779864,0.976735462831889,0.000220531947975222,0.0225733757869938
train,155,3,0.000536580821567936,0.000470617257818615,0.00110259807887131,0.00730385788022613,0.999974440771643,0.634197997834095,0.633469146173779,0.000728851660315666,0.114924938710755
test,156,1,0.00310060303880108,0.00259087598866762,0.00585034018655983,0.00454764376781788,0.999960059044955,0.775988638334795,0.778249018869804,0.00226038053500932,0.291290416295257
test,156,2,0.00189807264860569,0.00173687043861641,0.00327753582770596,0.00485123205648198,0.999975496183413,0.958403967945871,0.960580922318949,0.00217695437307852,0.227143714538698
test,156,3,0.00103700693856623,0.000814322695212504,0.00226455460270336,0.0141155833299516,0.999010665553884,0.622988361510111,0.62331822868644,0.000329867176329657,0.052949171559171
train,157,1,0.00181950230675474,0.00150147985378404,0.0044842404564136,0.00266865774892711,0.999995090335355,1.32221900187171,1.32319837941917,0.000979377547462912,0.0740707512202231
train,157,2,0.00157054586762389,0.00119764960120767,0.00393736691417212,0.004014115299954,0.999985137827588,0.981175403600096,0.979920255437959,0.00125514816213745,0.127922913429353
train,157,3,0.000536397788956825,0.000489654346398994,0.000854104584721016,0.00730136646770211,0.999970447525045,0.619023959007254,0.619760631134459,0.000736672127204741,0.119005430482232
train,158,1,0.00111346883421883,0.000920483626641981,0.00227574433516581,0.00163312089333199,0.999993005747378,0.6947185088276,0.69421985191343,0.000498656914169615,0.071778268152254
train,158,2,0.00149996543467668,0.00123890465085446,0.00293404349618687,0.00383372069855378,0.999965749446767,0.880545200722816,0.879691978447938,0.000853222274878496,0.0968970444876774
train,158,3,0.000710704764263665,0.000588810013976182,0.00142634322443691,0.00967400694235251,0.999926614001114,0.639692815822196,0.639385964964278,0.00030685085791704,0.0479684702293625
train,159,1,0.00189840638747342,0.00150470011712835,0.00416163438787398,0.00278438609158992,0.999985574016201,0.815490553700677,0.814281953146301,0.00120860055437633,0.148205340808882
train,159,2,0.0014336764676914,0.00107978237384024,0.00353337030436818,0.00366429453782895,0.99998583689607,1.00943237156174,1.0078689538576,0.00156341770414037,0.15488087643965
train,159,3,0.000451667859071808,0.000365856140386999,0.000977582168677937,0.00614803533619925,0.999952062769731,0.631979957457744,0.632057274482502,7.73170247579946e-05,0.0122340944274588
train,160,1,0.000886228960937543,0.000734280188138429,0.00187513155988794,0.00129982895605551,0.999996564863553,0.835480079705307,0.835336639801055,0.000143439904252252,0.0171685606559101
train,160,2,0.000905571928272741,0.000722432363921849,0.00317187629861893,0.00231452656520502,0.999996342529745,1.08587459085582,1.08461412434759,0.00126046650822453,0.116078460518273
train,160,3,0.000608073151115786,0.000515161473581695,0.00140425687159407,0.00827700077604929,0.999870850920635,0.634358461101685,0.634507785245833,0.000149324144147478,0.023539395043009
train,161,1,0.00156229774979806,0.00132977620537891,0.00351335508362163,0.00229141671359913,0.99999414395778,1.10401871249223,1.10243668319062,0.00158202930161355,0.143297326731198
train,161,2,0.00146402815583206,0.00120786325154001,0.00362409826978732,0.00374186958880737,0.999974094524441,0.718060524822422,0.717095115362903,0.000965409459519173,0.134446808611004
train,161,3,0.000756274676542767,0.000594025190467231,0.00187159875807008,0.0102942977718465,0.999811170666214,0.628519466294279,0.62830003230486,0.000219433989419704,0.0349128390109341
train,162,1,0.0020468882763491,0.00167854068168687,0.00568227030720092,0.00300216396516137,0.999989543779171,0.928689777022291,0.929257460972082,0.000567683949791009,0.0611274037721407
train,162,2,0.00085583666009823,0.000734824997986447,0.00197165896257057,0.00218740955127873,0.999996215488014,0.833952446351603,0.834643383618271,0.000690937266667691,0.0828509191010136
train,162,3,0.000781029960587251,0.000656295650021276,0.00180115291139227,0.0106312629953094,0.999667558685385,0.641965011716101,0.641917376874466,4.7634841634947e-05,0.007420161654544
test,163,1,0.00776610229732372,0.005906421817148,0.0188261086082232,0.0113905154160968,0.999853773609796,0.984330922711936,1.00315703132016,0.0188261086082232,1.9125792123197
test,163,2,0.0105400292208491,0.0091592601969165,0.021871929976905,0.0269389728944258,0.998939597296116,0.82823169603391,0.844821972700892,0.0165902766669817,2.00309608367154
test,163,3,0.00603597245780755,0.00531806157963753,0.0114389564910887,0.0821607542214476,0.991718532098753,0.599705142548492,0.599002474767632,0.000702667780859478,0.117168877004029
train,164,1,0.00115701397523533,0.000960689796596973,0.00245181384355642,0.00169698840126007,0.999995279445954,0.86107406122643,0.860082400801249,0.000991660425180951,0.11516552057886
train,164,2,0.000972968680942509,0.000799695293838355,0.00212396032976192,0.0024867840851132,0.999996352563852,0.857574924600329,0.857503734823357,7.11897769721803e-05,0.00830128947687669
train,164,3,0.0006617820901802,0.000578591872365246,0.0012209029619793,0.00900807882069114,0.999814889846429,0.680814153747517,0.681266353539494,0.00045219979197697,0.0664204452107602
train,165,1,0.00148542522669273,0.00114152175714692,0.00287673296829438,0.00217866804947102,0.999989982963746,0.744916681528517,0.744112562065163,0.000804119463353681,0.107947570955678
train,165,2,0.000912850542703102,0.00063812627633775,0.00233163319623575,0.00233312977708802,0.999982225510938,0.743445943984549,0.74269709656902,0.000748847415528053,0.100726545297235
train,165,3,0.000565690439321079,0.000459789125742467,0.00118351676351502,0.00770009364280034,0.999564362653073,0.649941889168342,0.649684690251835,0.000257198916506662,0.0395726019191918
test,166,1,0.00214218569013025,0.00177450990748109,0.00528106361464897,0.00314193635280587,0.99997926967068,0.793786887295026,0.793738846254712,4.80410403143061e-05,0.0060521332719434
test,166,2,0.00242337098933807,0.00192561459867637,0.00516358015722407,0.00619382774250576,0.999972677515334,1.08051745359715,1.08540858820616,0.00489113460901147,0.452665951181853
test,166,3,0.00128941775725626,0.000988988739908987,0.00309447544766672,0.0175513616377869,0.99956662060778,0.630185578750284,0.629101725436052,0.00108385331423211,0.171989545743254
train,167,1,0.00175237816640441,0.00149173316160449,0.00384280360340039,0.00257020700411575,0.999995101357616,1.10788855917053,1.10841770485127,0.000529145680738141,0.0477616341786496
train,167,2,0.00103844790708796,0.000869851755992275,0.00219563159890157,0.00265414065133513,0.99998470578273,0.847497302465916,0.846879509933997,0.000617792531919403,0.0728961059960718
train,167,3,0.00074560479371521,0.000596142177608944,0.00153656145077508,0.0101490609228227,0.999869221017324,0.634358726021984,0.634256925619283,0.000101800402701469,0.016047765802774
train,168,1,0.00194783283815615,0.00162723372285705,0.00525378900774154,0.00285687969609196,0.999982774889154,0.763024087256417,0.766719302878734,0.00369521562231689,0.484285579450535
train,168,2,0.00140618276021902,0.0011767620298701,0.00292768678964983,0.00359402412160463,0.999980246047842,1.01847274496908,1.02060555538396,0.00213281041488056,0.209412615645921
train,168,3,0.000716491067382187,0.000554989840548408,0.00152317173601046,0.0097527692348737,0.99991646367874,0.605227097738065,0.606551863691206,0.00132476595314046,0.218887415664558
train,169,1,0.00121128529462582,0.00102846778005711,0.0020190878245322,0.00177658795796206,0.999995017353169,0.830061564477345,0.828259422797189,0.00180214168015591,0.217109399745625
train,169,2,0.00153886181344007,0.00119643144001123,0.00336860670924355,0.00393313489098557,0.999956618727246,1.01019929195648,1.01113295583758,0.000933663881099278,0.0924237314887662
train,169,3,0.000434182238683696,0.000318193754383377,0.0011349195874405,0.00591002368701438,0.999963425717276,0.65382427091587,0.654841005253099,0.00101673433722937,0.155505750162065
train,170,1,0.00107787536020581,0.000809457118124251,0.00262402701553428,0.00158091606793361,0.999997320351749,0.932175875467339,0.932904812910091,0.00072893744275182,0.0781974155238005
train,170,2,0.00100050885292558,0.000828523109784827,0.00180298276471269,0.00255717325871173,0.999992497136903,1.05084296799648,1.05091357646564,7.06084691630693e-05,0.00671922174039861
train,170,3,0.00053869992980564,0.000438993622208945,0.00124173551371526,0.00733270286457682,0.999977132498006,0.616885166959234,0.616609624517365,0.000275542441869003,0.0446667316102305
test,171,1,0.00544140199948503,0.00431730445376886,0.0138579334841743,0.0079808855185533,0.999904311909697,1.02687014020392,1.02570229120067,0.00116784900325051,0.113728986512218
test,171,2,0.00737086009726183,0.00612002632163463,0.0153439008667711,0.0188389800643025,0.999670077291985,0.642101444772227,0.641534604536301,0.000566840235925459,0.0882789223635114
test,171,3,0.00344951620177327,0.00317644393232511,0.00587045447604717,0.0469542985522071,0.990962116533159,0.639646113013831,0.642479291335811,0.0028331783219806,0.442929029714801
train,172,1,0.00122537731090211,0.000986745053527757,0.00259872696309937,0.00179725666956199,0.999996301083851,1.21496603861559,1.21537721500482,0.000411176389233825,0.0338426240870358
train,172,2,0.000655232308517924,0.00052888961927858,0.00155436089197442,0.00167469036649355,0.999985027808987,0.951324639586901,0.952489741572747,0.00116510198584685,0.122471545187012
train,172,3,0.00073068065497724,0.00058182154540726,0.00166110405429964,0.00994591577870739,0.999838933285964,0.588806754063507,0.589155427838966,0.000348673775458552,0.0592170135706265
train,173,1,0.00140134496950333,0.00110590662441259,0.00345529750689447,0.00205534782665664,0.999994970053003,1.15571099230799,1.15619871266712,0.000487720359124255,0.0422008929888485
train,173,2,0.00098609094397071,0.000785729094602136,0.00263762760524422,0.00252032291888901,0.99999427093199,1.08903423320968,1.08643046732774,0.002603765881942,0.239089442970767
train,173,3,0.000492223517876311,0.000379448448932095,0.0011741632592509,0.0067000728974402,0.999956516216371,0.608313404873736,0.607688667721193,0.000624737152542743,0.102699882583126
train,174,1,0.00215177977053777,0.00172550455116174,0.00488080381971689,0.00315600795740253,0.999986691128183,1.03496667857945,1.03590037921825,0.00093370063880549,0.0902155265604345
train,174,2,0.0010989568634179,0.000941220688781804,0.00233112357779819,0.0028087938406468,0.999992580735222,1.0268555852087,1.02758011284958,0.000724527640874273,0.0705578906431146
train,174,3,0.000793999232681069,0.000662090568817424,0.00186303844460967,0.0108077987870778,0.99989887675997,0.625906102228084,0.626000186296248,9.40840681649124e-05,0.0150316585554917
test,175,1,0.00700336548787801,0.00620437024821396,0.014035929425277,0.0102718119721041,0.999916625609861,1.282440493111,1.27467317358694,0.00776731952405374,0.60566705167048
test,175,2,0.0158773814801579,0.0122047139504921,0.0353057381062714,0.0405805657997956,0.998859054123363,0.963735085578461,0.935575740384746,0.0281593451937147,2.92189685890834
test,175,3,0.00628705618402002,0.00471937741438486,0.0158218428639256,0.0855784683449876,0.994810358894546,0.650630981629643,0.648892297953645,0.00173868367599872,0.267230384824869
train,176,1,0.00111511328839769,0.000928468933360121,0.0024947019494439,0.00163553280859633,0.999993216757901,0.813131173133377,0.812847633523306,0.000283539610070993,0.0348700946955928
train,176,2,0.00128152660797587,0.00104199997230601,0.0026382738223899,0.00327541886577109,0.999967421960004,0.789335938804356,0.789078645932807,0.000257292871549075,0.0325961176858118
train,176,3,0.000568078591655152,0.000452624513164505,0.00134705443368072,0.00773260081514659,0.999922127549568,0.668248336349158,0.66820848332236,3.98530267983199e-05,0.00596380486572537
train,177,1,0.00113823643864101,0.000941176008849897,0.00281565174125886,0.00166944745319303,0.999997444513726,1.11163642635261,1.111798983864,0.000162557511381944,0.0146232623840253
train,177,2,0.000879104647183552,0.000672485911897661,0.00260876002953814,0.00224687956414733,0.999989312129194,0.788502205551734,0.786963747221845,0.0015384583298883,0.195111480862861
train,177,3,0.00049614921165292,0.000404465659885351,0.00104589079650041,0.00675350885391336,0.999848524079053,0.630913581072267,0.630954819739,4.12386667333342e-05,0.00653634157997474
validation,178,1,0.00218607365561786,0.00177134647735254,0.00593958201261779,0.00320630668020165,0.99998837784497,0.964366433179776,0.962798471059203,0.00156796212057231,0.162589869019219
validation,178,2,0.00200835848164656,0.00171564189078213,0.00386193688207348,0.00513310860584203,0.999970044510695,0.96261945682078,0.960048692325178,0.00257076449560178,0.267059270139021
validation,178,3,0.000702709578819754,0.000566984030155031,0.00159885209930516,0.00956517767402767,0.999917453220823,0.621604819940942,0.622672624546269,0.00106780460532641,0.171781905653154
validation,179,1,0.0124861669491887,0.00983214467657134,0.030371792185454,0.0183134179383272,0.999585027920044,1.26531482712784,1.24674706556412,0.0185677615637212,1.46744202831074
validation,179,2,0.0135646729672265,0.0111589746661519,0.0261037479649391,0.0346695772591444,0.998705059496087,1.18251214831458,1.20487792377842,0.0223657754638442,1.89137807131385
validation,179,3,0.0119169468232094,0.0102750117694093,0.0194765897091363,0.162211697594029,0.995392958103721,0.661426000003519,0.659120667821579,0.00230533218194062,0.348539697854085
train,180,1,0.00154785978833954,0.00125102075187077,0.00305200918178505,0.00227024060539528,0.999992075369745,0.941304465447677,0.939716689012286,0.0015877764353911,0.168678306931856
train,180,2,0.000783901064575057,0.000609967497075458,0.00230939880133701,0.00200355132685276,0.999983204588558,0.467119705133315,0.467897997667819,0.000778292534504621,0.166615222169336
train,180,3,0.000390542147099826,0.000311354223700658,0.00108429501165275,0.00531600128815702,0.999682524565377,0.65665927275866,0.65625348140216,0.000405791356500207,0.0617963338575051
train,181,1,0.00120584629426137,0.000995254182090914,0.00235165128322667,0.00176861059491331,0.999995311100115,0.92949335512582,0.928999679597551,0.0004936755282684,0.0531123246385741
train,181,2,0.00122083400914276,0.000966848555355349,0.00386049343399444,0.00312029630959985,0.999963622992535,0.658292339323036,0.658812971884469,0.000520632561433088,0.0790883518359772
train,181,3,0.00051278604788455,0.000430615486819824,0.000941978067017679,0.00697996698012323,0.99982348330109,0.648122717055899,0.64800784716086,0.00011486989503906,0.0177234792140688
train,182,1,0.00197836197785997,0.0017007574809054,0.00380759096927885,0.00290165667985077,0.999994485374864,1.17700236628922,1.17773063941788,0.000728273128659307,0.0618752476220894
train,182,2,0.00128438932193506,0.000977506695425078,0.0036520968584558,0.00328273559821415,0.999913181938462,0.654905910096345,0.653726586834217,0.00117932326212844,0.180075220569463
train,182,3,0.000892775643740506,0.000708189903892128,0.00191904977817159,0.0121523285192228,0.999672081966997,0.632033729866089,0.632676055111728,0.000642325245639119,0.101628317491095
train,183,1,0.00153603352510271,0.00116422394499845,0.00326653181512682,0.00225289506595263,0.999992586560181,1.02472837741188,1.02499913264017,0.000270755228297892,0.0264221460307101
train,183,2,0.00123769944386745,0.000914965883874224,0.00583810093436288,0.00316340221370898,0.999992684317935,1.44466126837552,1.44540142336107,0.000740154985552799,0.0512338083504573
train,183,3,0.000964894047052478,0.000782947222749713,0.00223995145026623,0.0131339934374737,0.999959367138806,0.639346740714582,0.640091086885851,0.000744346171269172,0.116422924192471
train,184,1,0.00171401455676911,0.00135503995789734,0.00423635136176692,0.00251393923036796,0.999995131074805,1.33913568679272,1.34033856073658,0.00120287394386187,0.089824650013084
train,184,2,0.00167747328034701,0.00134271784390404,0.00402615221844665,0.0042874081545242,0.999935015288086,0.772312756827434,0.770221650628557,0.00209110619887787,0.270758987261569
train,184,3,0.000649997332418016,0.000571492507973493,0.0016153711992537,0.00884766646082265,0.999862339037455,0.625691295921349,0.625333946543466,0.000357349377883565,0.0571127295861383
train,185,1,0.00211507272685036,0.00177933950089156,0.00450571919182707,0.00310216986320889,0.999972513308839,0.679932543118651,0.677213141860464,0.00271940125818726,0.399951625453043
train,185,2,0.0012578915301185,0.00105471611335579,0.00282678178403828,0.00321501061562147,0.99999103310583,0.922915057978576,0.924901898577701,0.00198684059912491,0.215278814875619
train,185,3,0.000823714735809844,0.000721519464705547,0.00147104958709465,0.0112122817707554,0.999812713573229,0.632319049748776,0.63276804882821,0.000448999079434298,0.0710083113283853
train,186,1,0.00241431456079069,0.00203504694583197,0.00527406832950528,0.00354106682749599,0.999989729495396,1.38638452681562,1.38838836275533,0.00200383593971165,0.14453680785909
train,186,2,0.0012205318844651,0.000976728500758802,0.00252764904092151,0.00311952411738563,0.999969710748497,0.621364157292216,0.619288423046604,0.00207573424561125,0.33406082749557
train,186,3,0.000372184167031484,0.000303404931110181,0.000716496114674503,0.00506611520949437,0.999971190120398,0.682362716800465,0.682391476689842,2.87598893770058e-05,0.00421475099223742
train,187,1,0.00173076645310215,0.00141799270636822,0.00536264104633366,0.00253850917886016,0.999995379031353,1.27969821471911,1.27735621130054,0.00234200341857438,0.18301216580883
train,187,2,0.00140303716941862,0.00101654724195816,0.00490551733439959,0.00358598439196695,0.999970852405656,0.772967154950512,0.774226404976175,0.00125925002566318,0.162911194557006
train,187,3,0.000920065091867302,0.000739813328969978,0.00268848864714666,0.0125237884051082,0.999775163998905,0.650389884864173,0.650339530580228,5.03542839452864e-05,0.00774216898465485
train,188,1,0.00195742993967118,0.00153810918982946,0.00540055843822107,0.00287095573173656,0.999993920904374,1.46058555862785,1.46164429997328,0.00105874134542994,0.0724874581414164
train,188,2,0.00167392813966534,0.00137470813249046,0.00460646085662542,0.00427834722625454,0.999853123735485,0.713095971692463,0.712320251597077,0.000775720095386512,0.108782004972685
train,188,3,0.000799686056596718,0.00070114838052292,0.00140678056780108,0.0108852069835698,0.999861234708692,0.643572330130275,0.643168368482448,0.000403961647827411,0.0627686475808615
train,189,1,0.00176078838236505,0.00152777984139799,0.00380413198604693,0.00258254223881714,0.999986174550238,0.660378388787517,0.660687324389316,0.000308935601799232,0.0467816038569116
train,189,2,0.00209612985528777,0.00138778289214799,0.00648923224481179,0.00535744106317052,0.999970346057541,1.12168592853245,1.12379841838807,0.0021124898556204,0.188331671271321
train,189,3,0.000839614357411148,0.000710984721423706,0.00152605493740715,0.0114287050416915,0.999941915885234,0.622936508537024,0.622086909643488,0.000849598893535863,0.136386113495123
validation,190,1,0.00299932233908552,0.00276113118611864,0.00423774955008299,0.0043990957153591,0.999970482197583,0.845508480310137,0.84269080736278,0.00281767294735669,0.333251884868517
validation,190,2,0.00198878186923391,0.00151762563427113,0.00414482693805851,0.00508307327670787,0.999983526997083,1.04674539530968,1.04635906585228,0.000386329457401802,0.0369076815749934
validation,190,3,0.000827686147419764,0.00067665358547361,0.00190303028832528,0.011266340031537,0.999889431482663,0.630634361914306,0.629495758040392,0.00113860387391451,0.180548974600472
train,191,1,0.00148889871339109,0.00121364594340537,0.00298568942227384,0.00218376260041441,0.999990762167063,0.713161237678101,0.710175548255827,0.00298568942227384,0.418655594910711
train,191,2,0.00106322565347912,0.000859100414296003,0.00218894930951719,0.00271746941679018,0.999980236604582,0.789521612453058,0.789454755732519,6.68567205391879e-05,0.00846800385001024
train,191,3,0.000341031952173626,0.000269304308024868,0.000798568426212953,0.00464207592066701,0.999950150176404,0.630132382204492,0.630358642905492,0.000226260700999958,0.0359068518599845
validation,192,1,0.00260138642128288,0.00207929268579369,0.00506928671362816,0.00381544447915125,0.999976834481972,0.885425060927879,0.889675121836298,0.0042500609084194,0.480002328369332
validation,192,2,0.00262999670002322,0.0023934734001911,0.00464875184291336,0.00672193675461628,0.999914716344721,0.958157783817122,0.962029802900025,0.00387201908290336,0.404110799734669
validation,192,3,0.000704207038286329,0.000596471375161473,0.00138950399678101,0.00958556086829336,0.999917447038395,0.628372287951416,0.629053809225329,0.000681521273913077,0.108458200175398
train,193,1,0.00195481134579954,0.00162563072958487,0.00421204847503656,0.0028671150491494,0.999991217114878,1.04277987305601,1.04384362207977,0.0010637490237595,0.102010889473924
train,193,2,0.000938102130153692,0.000723418945522664,0.00229973459390664,0.00239766961996882,0.999995522906286,0.988857721536003,0.989815299624102,0.000957578088099154,0.0968367913041866
train,193,3,0.000605566294907171,0.000468591129445539,0.00127350154202999,0.00824287782431876,0.999748533406305,0.630449771150473,0.630285459984397,0.000164311166076403,0.0260625308462815
train,194,1,0.00253799212073676,0.00194618663324055,0.00682234974250095,0.00372246427749821,0.999979716717452,0.936291490100349,0.935700990484892,0.000590499615457318,0.063067925074704
train,194,2,0.00148048556248167,0.00114367657126976,0.00283946236230959,0.00378393262510043,0.999990307534028,1.31267592662361,1.31174215231517,0.000933774308437219,0.0711351743029997
train,194,3,0.000595306689727603,0.000459959984245023,0.00145630801707464,0.00810322561326913,0.999962749827511,0.579808766495749,0.580013443908415,0.00020467741266661,0.0353008482268456
validation,195,1,0.0034558018484461,0.00252159720783892,0.00891993519263046,0.0050686126351009,0.999968093502411,1.05264987856749,1.05550209105714,0.00285221248965528,0.270955476054085
validation,195,2,0.00404845400663141,0.00368570557338682,0.00714063688601296,0.0103473330541856,0.99992898365899,1.12922939907016,1.129297781409,6.83823388407667e-05,0.00605566405701754
validation,195,3,0.00126416629266795,0.0010118716800251,0.00267376412800768,0.0172076424789813,0.999717119439006,0.603242467061923,0.605355316829487,0.00211284976756365,0.350248844026885
test,196,1,0.0129741191414022,0.010157074235767,0.0260795800964472,0.0190290957333057,0.999673072358669,1.55079591974758,1.55291965865588,0.00212373890830841,0.136945092598264
test,196,2,0.0165821965839294,0.0120691478742103,0.0367103902137828,0.04238198347884,0.99834101762674,0.887347750183712,0.903584385689076,0.0162366355053642,1.82979395642832
test,196,3,0.00282340921804205,0.00229745794659723,0.00655465357949248,0.0384318239441374,0.99934509661798,0.63409656210361,0.633226350054813,0.000870212048797558,0.137236518979166
train,197,1,0.00286463813501619,0.00229624612127664,0.00583160615153318,0.0042015548584372,0.999970483393599,0.861893265040067,0.858481255683678,0.00341200935638908,0.395873769384944
train,197,2,0.00145626521728982,0.00122080691694825,0.00374832612572717,0.00372202850615108,0.999949072392234,0.75956615846669,0.758827624226422,0.000738534240268041,0.0972310617101338
train,197,3,0.000815627906521672,0.000684883631005363,0.00198602178791896,0.0111022050601308,0.999466452764445,0.637036653594206,0.637190963605794,0.000154310011587278,0.0242230977945538
train,198,1,0.0022257530697041,0.00186272980097246,0.00520695101064372,0.00326450433979296,0.999989314962319,1.00431081769553,1.00546920657904,0.00115838888350916,0.115341671432673
train,198,2,0.00125118406894273,0.00107902876090156,0.00273262017824993,0.00319786719874678,0.999983058088769,0.727076484280081,0.727740807834366,0.000664323554284696,0.0913691432260362
train,198,3,0.000625975003053578,0.000493668423364335,0.00154932060368451,0.00852067810682755,0.999808549997065,0.617624515836441,0.61738424685641,0.000240268980030822,0.0389021118608656
train,199,1,0.00174524524035873,0.00153486301070972,0.00317775489366834,0.00255974516612102,0.999988786492259,0.896868192185614,0.895327787923991,0.00154040426162338,0.171753695252533
train,199,2,0.000947097637514276,0.000768956931874802,0.00197345282051697,0.00242066099161313,0.99998880042409,0.818932104326342,0.818388030242008,0.00054407408433399,0.066437019804169
train,199,3,0.000522446020136125,0.000385489915086951,0.00167565613468235,0.00711145707745146,0.999857130198184,0.630114884187976,0.629871936709353,0.000242947478623856,0.038556060921643
validation,200,1,0.00415078292525061,0.00344365737831572,0.00744597746895082,0.00608793898005072,0.999948553682932,1.02276523342323,1.01677741958403,0.00598781383920088,0.585453400597072
validation,200,2,0.00273165071414992,0.0021243844491118,0.00555845679855294,0.00698175147370186,0.999879202997506,0.75833091808786,0.763542583012043,0.00521166492418346,0.687254706339118
validation,200,3,0.00110378919614325,0.000935277202285538,0.00222226290529504,0.015024613430651,0.999232605428753,0.6282622784053,0.627974370652472,0.000287907752828609,0.0458260447466935
train,201,1,0.00174188089908837,0.00150576126759661,0.00370715361170018,0.0025548106983999,0.999981405268899,0.792900858665842,0.79316710041634,0.000266241750497942,0.0335781892008451
train,201,2,0.00114742134911131,0.000925874894800094,0.00276787973801287,0.00293266289632781,0.999992683852698,1.34594648965405,1.34689006956862,0.000943579914572501,0.0701053066987107
train,201,3,0.000532592173234336,0.000431860115487995,0.00145463693053194,0.00724956499574009,0.999989448557274,0.61289629719607,0.61310215936738,0.000205862171309801,0.0335884181796491
